1717027200,BTCUSDT,1,67650.27,67651.27,67626.93,67649.36
1717027260,BTCUSDT,1,67649.36,67659.63,67647.76,67659.6
1717027320,BTCUSDT,1,67659.6,67697.35,67648.8,67697.34
1717027380,BTCUSDT,1,67697.34,67707.65,67693.64,67697.21
1717027440,BTCUSDT,1,67697.21,67722.55,67696.62,67722.55
1717027500,BTCUSDT,1,67722.55,67749.81,67711.66,67749.81
1717027560,BTCUSDT,1,67749.81,67765.42,67745.58,67765.3
1717027620,BTCUSDT,1,67765.3,67780.5,67755.18,67756.02
1717027680,BTCUSDT,1,67756.02,67768.68,67754.04,67755.32
1717027740,BTCUSDT,1,67755.32,67765.39,67732.01,67763.69
1717027800,BTCUSDT,1,67763.69,67769.17,67760.86,67761.53
1717027860,BTCUSDT,1,67761.53,67761.53,67754.57,67754.66
1717027920,BTCUSDT,1,67754.66,67754.66,67745.88,67751.14
1717027980,BTCUSDT,1,67751.14,67751.9,67739.29,67740.78
1717028040,BTCUSDT,1,67740.78,67759.55,67740.77,67757.49
1717028100,BTCUSDT,1,67757.49,67817.99,67756.16,67816.93
1717028160,BTCUSDT,1,67816.93,67839.41,67812.07,67828.77
1717028220,BTCUSDT,1,67828.77,67828.84,67783.92,67803.75
1717028280,BTCUSDT,1,67803.75,67826.27,67803.74,67822.88
1717028340,BTCUSDT,1,67822.88,67823.55,67778.75,67779.6
1717028400,BTCUSDT,1,67779.6,67781.52,67765.83,67767.44
1717028460,BTCUSDT,1,67767.44,67794.17,67767.21,67793.58
1717028520,BTCUSDT,1,67793.58,67807.68,67793.03,67806.91
1717028580,BTCUSDT,1,67806.91,67806.92,67759.54,67759.54
1717028640,BTCUSDT,1,67759.54,67759.92,67737.4,67744.73
1717028700,BTCUSDT,1,67744.73,67744.85,67739,67739.9
1717028760,BTCUSDT,1,67739.9,67739.94,67730.39,67730.45
1717028820,BTCUSDT,1,67730.45,67730.45,67706.29,67706.29
1717028880,BTCUSDT,1,67706.29,67707.32,67703.78,67705.44
1717028940,BTCUSDT,1,67705.44,67736.53,67705.27,67734.83
1717029000,BTCUSDT,1,67734.83,67735.3,67720.41,67724.12
1717029060,BTCUSDT,1,67724.12,67727.27,67723.71,67725.03
1717029120,BTCUSDT,1,67725.03,67725.27,67713.7,67713.84
1717029180,BTCUSDT,1,67713.84,67715.63,67701.09,67703.07
1717029240,BTCUSDT,1,67703.07,67716.94,67702.91,67707.92
1717029300,BTCUSDT,1,67707.92,67708.05,67699.71,67699.71
1717029360,BTCUSDT,1,67699.71,67700.68,67680.23,67681.31
1717029420,BTCUSDT,1,67681.31,67682.43,67660.88,67671.26
1717029480,BTCUSDT,1,67671.26,67700.44,67671.26,67697.72
1717029540,BTCUSDT,1,67697.72,67707.48,67685.61,67697.14
1717029600,BTCUSDT,1,67697.14,67699.3,67660.47,67678.58
1717029660,BTCUSDT,1,67678.58,67697.61,67676.17,67687.02
1717029720,BTCUSDT,1,67687.02,67687.17,67676.8,67676.91
1717029780,BTCUSDT,1,67676.91,67704.12,67676.09,67703.21
1717029840,BTCUSDT,1,67703.21,67722.45,67702.03,67720.17
1717029900,BTCUSDT,1,67720.17,67721.23,67697.25,67717.35
1717029960,BTCUSDT,1,67717.35,67761.75,67715.78,67759.23
1717030020,BTCUSDT,1,67759.23,67770.34,67748.21,67748.22
1717030080,BTCUSDT,1,67748.22,67753.91,67745.94,67747.21
1717030140,BTCUSDT,1,67747.21,67749.65,67733.75,67736.84
1717030200,BTCUSDT,1,67736.84,67736.84,67709.29,67712.56
1717030260,BTCUSDT,1,67712.56,67713.03,67678.73,67678.73
1717030320,BTCUSDT,1,67678.73,67678.73,67651.15,67651.25
1717030380,BTCUSDT,1,67651.25,67653.65,67621.94,67622.14
1717030440,BTCUSDT,1,67622.14,67622.15,67551.1,67564.42
1717030500,BTCUSDT,1,67564.42,67598.34,67548.94,67596.85
1717030560,BTCUSDT,1,67596.85,67598.63,67576.19,67576.19
1717030620,BTCUSDT,1,67576.19,67576.19,67547.67,67547.67
1717030680,BTCUSDT,1,67547.67,67573.26,67547.67,67572.47
1717030740,BTCUSDT,1,67572.47,67580.83,67569.94,67578.03
1717030800,BTCUSDT,1,67578.03,67585.98,67573.03,67575.17
1717030860,BTCUSDT,1,67575.17,67586.44,67543.08,67544.15
1717030920,BTCUSDT,1,67544.15,67544.15,67491.93,67492.11
1717030980,BTCUSDT,1,67492.11,67499.82,67472.59,67499.17
1717031040,BTCUSDT,1,67499.17,67515.24,67499.12,67515.23
1717031100,BTCUSDT,1,67515.23,67528.91,67505.78,67527.8
1717031160,BTCUSDT,1,67527.8,67549.44,67524.53,67532.45
1717031220,BTCUSDT,1,67532.45,67535.62,67505.74,67527.31
1717031280,BTCUSDT,1,67527.31,67558.63,67527.31,67538.68
1717031340,BTCUSDT,1,67538.68,67545.41,67531.22,67544.97
1717031400,BTCUSDT,1,67544.97,67608.36,67544.97,67607.72
1717031460,BTCUSDT,1,67607.72,67651.34,67605.07,67637.73
1717031520,BTCUSDT,1,67637.73,67691.44,67636.65,67690.01
1717031580,BTCUSDT,1,67690.01,67718.63,67689.48,67716
1717031640,BTCUSDT,1,67716,67728.81,67706.39,67707.01
1717031700,BTCUSDT,1,67707.01,67712.84,67693.37,67706.41
1717031760,BTCUSDT,1,67706.41,67706.52,67652.01,67694.28
1717031820,BTCUSDT,1,67694.28,67701.63,67658.86,67659.94
1717031880,BTCUSDT,1,67659.94,67679.7,67654.25,67679.7
1717031940,BTCUSDT,1,67679.7,67679.7,67673.2,67673.86
1717032000,BTCUSDT,1,67673.86,67688.33,67673.83,67686.79
1717032060,BTCUSDT,1,67686.79,67688.89,67685.84,67687.86
1717032120,BTCUSDT,1,67687.86,67690.45,67627.61,67630.96
1717032180,BTCUSDT,1,67630.96,67634.57,67613.96,67613.96
1717032240,BTCUSDT,1,67613.96,67656.54,67610.74,67650.17
1717032300,BTCUSDT,1,67650.17,67667.11,67649.62,67663.9
1717032360,BTCUSDT,1,67663.9,67665.84,67636.98,67637.55
1717032420,BTCUSDT,1,67637.55,67638.16,67622.5,67622.5
1717032480,BTCUSDT,1,67622.5,67655.65,67613.82,67654.31
1717032540,BTCUSDT,1,67654.31,67654.31,67621.08,67650.62
1717032600,BTCUSDT,1,67650.62,67655.43,67633.79,67640.17
1717032660,BTCUSDT,1,67640.17,67659.73,67640.15,67649.87
1717032720,BTCUSDT,1,67649.87,67671.16,67642.66,67669.57
1717032780,BTCUSDT,1,67669.57,67676.85,67664,67673.73
1717032840,BTCUSDT,1,67673.73,67673.93,67668.57,67670.75
1717032900,BTCUSDT,1,67670.75,67676.39,67667.81,67671.77
1717032960,BTCUSDT,1,67671.77,67680.17,67671.49,67678.99
1717033020,BTCUSDT,1,67678.99,67706.09,67671.46,67705.37
1717033080,BTCUSDT,1,67705.37,67738.88,67705.17,67732.21
1717033140,BTCUSDT,1,67732.21,67735.48,67730.33,67733.35
1717033200,BTCUSDT,1,67733.35,67747.01,67732.9,67742.35
1717033260,BTCUSDT,1,67742.35,67742.92,67701.36,67713.45
1717033320,BTCUSDT,1,67713.45,67738.96,67713.45,67735.39
1717033380,BTCUSDT,1,67735.39,67740.88,67734.96,67739.83
1717033440,BTCUSDT,1,67739.83,67748.73,67739.83,67748.66
1717033500,BTCUSDT,1,67748.66,67751.7,67745.85,67747.49
1717033560,BTCUSDT,1,67747.49,67747.49,67718.66,67718.76
1717033620,BTCUSDT,1,67718.76,67743.78,67718.76,67743.59
1717033680,BTCUSDT,1,67743.59,67761.83,67741.29,67760.74
1717033740,BTCUSDT,1,67760.74,67848.96,67760.49,67837.49
1717033800,BTCUSDT,1,67837.49,67861.38,67805.86,67807.38
1717033860,BTCUSDT,1,67807.38,67824.91,67787.98,67823.06
1717033920,BTCUSDT,1,67823.06,67823.06,67798.77,67802.4
1717033980,BTCUSDT,1,67802.4,67804.76,67778.95,67778.95
1717034040,BTCUSDT,1,67778.95,67791.43,67775.66,67790.82
1717034100,BTCUSDT,1,67790.82,67791.06,67772.37,67772.51
1717034160,BTCUSDT,1,67772.51,67773.81,67768.58,67769.95
1717034220,BTCUSDT,1,67769.95,67785.46,67769.95,67772.63
1717034280,BTCUSDT,1,67772.63,67800.53,67772.63,67799.42
1717034340,BTCUSDT,1,67799.42,67803.79,67799.21,67800.94
1717034400,BTCUSDT,1,67800.94,67815.37,67800.45,67814.79
1717034460,BTCUSDT,1,67814.79,67814.79,67787.28,67814.31
1717034520,BTCUSDT,1,67814.31,67837.75,67814.27,67837.58
1717034580,BTCUSDT,1,67837.58,67851.23,67837.55,67849.96
1717034640,BTCUSDT,1,67849.96,67851.42,67839.55,67851.24
1717034700,BTCUSDT,1,67851.24,67946.89,67851.23,67944.86
1717034760,BTCUSDT,1,67944.86,67959.44,67873.64,67902.53
1717034820,BTCUSDT,1,67902.53,67912.59,67885.98,67906.89
1717034880,BTCUSDT,1,67906.89,67936.04,67905.78,67935.54
1717034940,BTCUSDT,1,67935.54,67952.47,67918.03,67919.4
1717035000,BTCUSDT,1,67919.4,67919.4,67901.51,67903.88
1717035060,BTCUSDT,1,67903.88,67907.69,67887.88,67888.26
1717035120,BTCUSDT,1,67888.26,67897.96,67884.03,67890.73
1717035180,BTCUSDT,1,67890.73,67891.77,67888.77,67889.98
1717035240,BTCUSDT,1,67889.98,67890.29,67883.27,67884.68
1717035300,BTCUSDT,1,67884.68,67908.94,67884.5,67908.6
1717035360,BTCUSDT,1,67908.6,67964.3,67908.54,67964.04
1717035420,BTCUSDT,1,67964.04,68005.18,67964.04,68002.6
1717035480,BTCUSDT,1,68002.6,68020.57,67995.65,68005.53
1717035540,BTCUSDT,1,68005.53,68005.55,67978.26,67998.4
1717035600,BTCUSDT,1,67998.4,68026.32,67993.52,68025.3
1717035660,BTCUSDT,1,68025.3,68034.96,68014.15,68014.38
1717035720,BTCUSDT,1,68014.38,68037.51,67997.36,68037.51
1717035780,BTCUSDT,1,68037.51,68039.33,68016.59,68034.15
1717035840,BTCUSDT,1,68034.15,68077.99,68014.5,68074.58
1717035900,BTCUSDT,1,68074.58,68087.55,68046.06,68052.12
1717035960,BTCUSDT,1,68052.12,68052.17,68021.74,68042.51
1717036020,BTCUSDT,1,68042.51,68091.52,68042.51,68089.85
1717036080,BTCUSDT,1,68089.85,68104.59,68088.86,68102.7
1717036140,BTCUSDT,1,68102.7,68104.35,68097.54,68103.07
1717036200,BTCUSDT,1,68103.07,68155.09,68075.46,68149.44
1717036260,BTCUSDT,1,68149.44,68197.97,68109.19,68190.1
1717036320,BTCUSDT,1,68190.1,68202.67,68162.43,68162.59
1717036380,BTCUSDT,1,68162.59,68162.6,68083.98,68117.92
1717036440,BTCUSDT,1,68117.92,68144.39,68108.17,68137.67
1717036500,BTCUSDT,1,68137.67,68141.18,68105.69,68105.7
1717036560,BTCUSDT,1,68105.7,68105.7,68071.54,68090.86
1717036620,BTCUSDT,1,68090.86,68136.73,68088.74,68101.75
1717036680,BTCUSDT,1,68101.75,68135.28,68086.05,68131
1717036740,BTCUSDT,1,68131,68132.99,68106.23,68109.15
1717036800,BTCUSDT,1,68109.15,68109.15,68061.44,68063.99
1717036860,BTCUSDT,1,68063.99,68087.85,68050.13,68085.57
1717036920,BTCUSDT,1,68085.57,68088.77,68059.42,68060.93
1717036980,BTCUSDT,1,68060.93,68062.68,68049.7,68061.28
1717037040,BTCUSDT,1,68061.28,68064.05,68060.34,68063.62
1717037100,BTCUSDT,1,68063.62,68076.48,68027.07,68027.94
1717037160,BTCUSDT,1,68027.94,68033.18,67987.46,68009.24
1717037220,BTCUSDT,1,68009.24,68009.81,67978.01,67982.66
1717037280,BTCUSDT,1,67982.66,68047.97,67982.66,68047.97
1717037340,BTCUSDT,1,68047.97,68048.61,68019.23,68019.56
1717037400,BTCUSDT,1,68019.56,68037.57,68019.56,68030.15
1717037460,BTCUSDT,1,68030.15,68035.14,68015.67,68029.16
1717037520,BTCUSDT,1,68029.16,68029.16,68001.67,68003.41
1717037580,BTCUSDT,1,68003.41,68010.65,67991.73,67993.09
1717037640,BTCUSDT,1,67993.09,68010.91,67990.65,68006.5
1717037700,BTCUSDT,1,68006.5,68019.09,68005.69,68015.4
1717037760,BTCUSDT,1,68015.4,68015.4,67991.77,67991.77
1717037820,BTCUSDT,1,67991.77,67991.78,67956,67968.78
1717037880,BTCUSDT,1,67968.78,67969.15,67953.23,67959.54
1717037940,BTCUSDT,1,67959.54,67959.54,67944.56,67949.87
1717038000,BTCUSDT,1,67949.87,67953.09,67942.35,67946.14
1717038060,BTCUSDT,1,67946.14,67967.91,67946.14,67967.91
1717038120,BTCUSDT,1,67967.91,67979.87,67949.85,67952.9
1717038180,BTCUSDT,1,67952.9,68007.82,67952.76,68007.23
1717038240,BTCUSDT,1,68007.23,68010.57,67999.73,67999.74
1717038300,BTCUSDT,1,67999.74,67999.75,67976.22,67976.23
1717038360,BTCUSDT,1,67976.23,67977.5,67970.47,67971.36
1717038420,BTCUSDT,1,67971.36,67975.46,67964.99,67971.22
1717038480,BTCUSDT,1,67971.22,67976.87,67947.07,67947.3
1717038540,BTCUSDT,1,67947.3,67947.3,67929.3,67930.45
1717038600,BTCUSDT,1,67930.45,67932.61,67921.67,67922.89
1717038660,BTCUSDT,1,67922.89,67927.85,67920.74,67922.67
1717038720,BTCUSDT,1,67922.67,67944.54,67922.66,67944.53
1717038780,BTCUSDT,1,67944.53,67967.15,67944.52,67967.14
1717038840,BTCUSDT,1,67967.14,67974.86,67949.01,67949.01
1717038900,BTCUSDT,1,67949.01,67975.1,67949.01,67973.26
1717038960,BTCUSDT,1,67973.26,67973.26,67955.58,67955.58
1717039020,BTCUSDT,1,67955.58,67959.83,67948.59,67959.82
1717039080,BTCUSDT,1,67959.82,68000.67,67959.81,68000.67
1717039140,BTCUSDT,1,68000.67,68023.11,67996.93,67996.93
1717039200,BTCUSDT,1,67996.93,68020.9,67996.79,68020.9
1717039260,BTCUSDT,1,68020.9,68039.91,68020.89,68028.44
1717039320,BTCUSDT,1,68028.44,68030.13,68007.41,68009.1
1717039380,BTCUSDT,1,68009.1,68009.1,67990.55,67990.55
1717039440,BTCUSDT,1,67990.55,68017.9,67989.71,68015.94
1717039500,BTCUSDT,1,68015.94,68016.03,67995.63,68010.38
1717039560,BTCUSDT,1,68010.38,68010.38,67994.51,67994.52
1717039620,BTCUSDT,1,67994.52,68035.99,67993.94,68035.74
1717039680,BTCUSDT,1,68035.74,68037.47,68025.39,68026.5
1717039740,BTCUSDT,1,68026.5,68027.02,68006.27,68008.38
1717039800,BTCUSDT,1,68008.38,68062.23,68008.05,68062.22
1717039860,BTCUSDT,1,68062.22,68091.51,68020.07,68020.76
1717039920,BTCUSDT,1,68020.76,68021.94,68006.19,68006.19
1717039980,BTCUSDT,1,68006.19,68006.77,67999.63,68006.77
1717040040,BTCUSDT,1,68006.77,68041.75,68006.77,68033.04
1717040100,BTCUSDT,1,68033.04,68059.84,68032.13,68047.14
1717040160,BTCUSDT,1,68047.14,68063.09,68045.72,68053.28
1717040220,BTCUSDT,1,68053.28,68053.28,68031.94,68040.07
1717040280,BTCUSDT,1,68040.07,68053.93,68035.07,68053.92
1717040340,BTCUSDT,1,68053.92,68071.08,68053.91,68070.52
1717040400,BTCUSDT,1,68070.52,68073.59,68056.44,68056.44
1717040460,BTCUSDT,1,68056.44,68057.47,68045.5,68045.5
1717040520,BTCUSDT,1,68045.5,68049.01,68045.49,68048
1717040580,BTCUSDT,1,68048,68050.06,68046.42,68047.6
1717040640,BTCUSDT,1,68047.6,68050.27,68025.12,68025.12
1717040700,BTCUSDT,1,68025.12,68049.64,68024.66,68049.63
1717040760,BTCUSDT,1,68049.63,68057.72,68042.95,68046.84
1717040820,BTCUSDT,1,68046.84,68047.27,68040.18,68044.11
1717040880,BTCUSDT,1,68044.11,68059.73,68043.73,68059.73
1717040940,BTCUSDT,1,68059.73,68090.1,68059.73,68090.09
1717041000,BTCUSDT,1,68090.09,68182.22,68090.09,68165.03
1717041060,BTCUSDT,1,68165.03,68176.95,68135.48,68135.48
1717041120,BTCUSDT,1,68135.48,68135.48,68097,68101.04
1717041180,BTCUSDT,1,68101.04,68133.03,68099.76,68115.7
1717041240,BTCUSDT,1,68115.7,68134.43,68115.7,68127.22
1717041300,BTCUSDT,1,68127.22,68144.43,68121.43,68144.39
1717041360,BTCUSDT,1,68144.39,68159.32,68139.32,68155.91
1717041420,BTCUSDT,1,68155.91,68157.94,68130.57,68130.57
1717041480,BTCUSDT,1,68130.57,68131.46,68086.42,68086.9
1717041540,BTCUSDT,1,68086.9,68120.2,68086.9,68120.2
1717041600,BTCUSDT,1,68120.2,68138.67,68120.2,68131.11
1717041660,BTCUSDT,1,68131.11,68131.12,68096.13,68108.26
1717041720,BTCUSDT,1,68108.26,68109.67,68080.21,68098.47
1717041780,BTCUSDT,1,68098.47,68101.37,68082.85,68084.67
1717041840,BTCUSDT,1,68084.67,68086.29,68066.3,68068.18
1717041900,BTCUSDT,1,68068.18,68069.73,68048.27,68048.46
1717041960,BTCUSDT,1,68048.46,68092.49,68046.51,68089.14
1717042020,BTCUSDT,1,68089.14,68093.9,68074.33,68089.48
1717042080,BTCUSDT,1,68089.48,68089.49,67998.95,68010.08
1717042140,BTCUSDT,1,68010.08,68010.25,68000.64,68006.16
1717042200,BTCUSDT,1,68006.16,68013.06,67984.17,67994.25
1717042260,BTCUSDT,1,67994.25,68032.24,67994.25,68032
1717042320,BTCUSDT,1,68032,68032.76,68028.59,68030.43
1717042380,BTCUSDT,1,68030.43,68052.58,68030.42,68050.49
1717042440,BTCUSDT,1,68050.49,68050.49,68039.16,68039.16
1717042500,BTCUSDT,1,68039.16,68069.91,68039.16,68067.44
1717042560,BTCUSDT,1,68067.44,68074.98,68067.42,68074.64
1717042620,BTCUSDT,1,68074.64,68092.4,68072.28,68086.77
1717042680,BTCUSDT,1,68086.77,68088.69,68085.34,68088.67
1717042740,BTCUSDT,1,68088.67,68139.44,68088.67,68138.59
1717042800,BTCUSDT,1,68138.59,68204.51,68138.58,68197.91
1717042860,BTCUSDT,1,68197.91,68197.91,68135.31,68163.86
1717042920,BTCUSDT,1,68163.86,68172.29,68153.81,68171.22
1717042980,BTCUSDT,1,68171.22,68171.22,68150.85,68152.05
1717043040,BTCUSDT,1,68152.05,68158.64,68152.05,68156.59
1717043100,BTCUSDT,1,68156.59,68184.04,68152.32,68180.99
1717043160,BTCUSDT,1,68180.99,68188.6,68173.91,68179.21
1717043220,BTCUSDT,1,68179.21,68188.32,68175.27,68188.32
1717043280,BTCUSDT,1,68188.32,68228.25,68188.32,68228.25
1717043340,BTCUSDT,1,68228.25,68244.88,68222.55,68227.59
1717043400,BTCUSDT,1,68227.59,68259.36,68226.67,68259.35
1717043460,BTCUSDT,1,68259.35,68268.82,68243.99,68268.35
1717043520,BTCUSDT,1,68268.35,68392.37,68268.04,68388.07
1717043580,BTCUSDT,1,68388.07,68424.98,68381.72,68402.99
1717043640,BTCUSDT,1,68402.99,68419.45,68373.6,68389.12
1717043700,BTCUSDT,1,68389.12,68389.12,68323.81,68323.81
1717043760,BTCUSDT,1,68323.81,68343.78,68318,68330.26
1717043820,BTCUSDT,1,68330.26,68330.26,68303.8,68306.68
1717043880,BTCUSDT,1,68306.68,68320.43,68306.68,68319.94
1717043940,BTCUSDT,1,68319.94,68319.95,68290.87,68292.01
1717044000,BTCUSDT,1,68292.01,68292.28,68276.69,68276.69
1717044060,BTCUSDT,1,68276.69,68276.7,68185.8,68185.8
1717044120,BTCUSDT,1,68185.8,68195.82,68151.35,68192.34
1717044180,BTCUSDT,1,68192.34,68211.83,68188.98,68200.15
1717044240,BTCUSDT,1,68200.15,68235.19,68200.15,68225.39
1717044300,BTCUSDT,1,68225.39,68225.39,68206.61,68208.12
1717044360,BTCUSDT,1,68208.12,68208.13,68181.18,68181.18
1717044420,BTCUSDT,1,68181.18,68181.18,68161.08,68167.87
1717044480,BTCUSDT,1,68167.87,68199.8,68167.87,68196.71
1717044540,BTCUSDT,1,68196.71,68198.66,68167.72,68175.97
1717044600,BTCUSDT,1,68175.97,68192.13,68172.43,68176.87
1717044660,BTCUSDT,1,68176.87,68191.18,68172.34,68191.17
1717044720,BTCUSDT,1,68191.17,68192.25,68171.26,68173.46
1717044780,BTCUSDT,1,68173.46,68176.9,68139.8,68140.19
1717044840,BTCUSDT,1,68140.19,68172.95,68132.25,68155.29
1717044900,BTCUSDT,1,68155.29,68155.6,68142.38,68152.66
1717044960,BTCUSDT,1,68152.66,68152.66,68135.05,68135.05
1717045020,BTCUSDT,1,68135.05,68142.74,68135.05,68141.92
1717045080,BTCUSDT,1,68141.92,68169.47,68140.33,68169.47
1717045140,BTCUSDT,1,68169.47,68169.77,68166.6,68169.26
1717045200,BTCUSDT,1,68169.26,68175.39,68137.65,68139.08
1717045260,BTCUSDT,1,68139.08,68198.36,68139.08,68195.52
1717045320,BTCUSDT,1,68195.52,68195.53,68153.23,68156.19
1717045380,BTCUSDT,1,68156.19,68156.27,68148.17,68148.17
1717045440,BTCUSDT,1,68148.17,68150.23,68075.17,68098.97
1717045500,BTCUSDT,1,68098.97,68109.34,68082.28,68082.84
1717045560,BTCUSDT,1,68082.84,68095.21,68069.97,68095.21
1717045620,BTCUSDT,1,68095.21,68099.62,68086.77,68099.2
1717045680,BTCUSDT,1,68099.2,68099.21,68086.31,68086.43
1717045740,BTCUSDT,1,68086.43,68086.43,68047.21,68082.02
1717045800,BTCUSDT,1,68082.02,68083.23,68041.43,68083.23
1717045860,BTCUSDT,1,68083.23,68086.7,68076.12,68078.31
1717045920,BTCUSDT,1,68078.31,68081.83,68070.29,68081.82
1717045980,BTCUSDT,1,68081.82,68081.84,68062.67,68063.33
1717046040,BTCUSDT,1,68063.33,68063.33,68037.71,68046.65
1717046100,BTCUSDT,1,68046.65,68065.87,68029.48,68029.49
1717046160,BTCUSDT,1,68029.49,68034.95,68013.4,68034.55
1717046220,BTCUSDT,1,68034.55,68067.1,67972.78,68067.1
1717046280,BTCUSDT,1,68067.1,68072.27,68044.37,68072.27
1717046340,BTCUSDT,1,68072.27,68074.94,68062.59,68065.86
1717046400,BTCUSDT,1,68065.86,68070.85,68052.72,68058.15
1717046460,BTCUSDT,1,68058.15,68088.45,68058.15,68087.32
1717046520,BTCUSDT,1,68087.32,68093.57,68083.2,68083.69
1717046580,BTCUSDT,1,68083.69,68087.99,68071.14,68071.14
1717046640,BTCUSDT,1,68071.14,68092.65,68057.21,68089.8
1717046700,BTCUSDT,1,68089.8,68110.9,68086.92,68106.39
1717046760,BTCUSDT,1,68106.39,68107.79,68093.69,68105.18
1717046820,BTCUSDT,1,68105.18,68106.02,68097.75,68099.43
1717046880,BTCUSDT,1,68099.43,68099.44,68075.95,68086.95
1717046940,BTCUSDT,1,68086.95,68099.91,68086.94,68098.3
1717047000,BTCUSDT,1,68098.3,68101.52,68087.96,68091.44
1717047060,BTCUSDT,1,68091.44,68095.97,68084.77,68086.68
1717047120,BTCUSDT,1,68086.68,68086.69,68070.38,68070.38
1717047180,BTCUSDT,1,68070.38,68087.17,68066.83,68086.97
1717047240,BTCUSDT,1,68086.97,68098.32,68086.81,68097.78
1717047300,BTCUSDT,1,68097.78,68107.57,68097.76,68107.27
1717047360,BTCUSDT,1,68107.27,68109.45,68093.69,68096.7
1717047420,BTCUSDT,1,68096.7,68108.53,68095.66,68108.53
1717047480,BTCUSDT,1,68108.53,68116.57,68108.53,68109.29
1717047540,BTCUSDT,1,68109.29,68109.3,68099.64,68099.72
1717047600,BTCUSDT,1,68099.72,68099.73,68097.71,68097.72
1717047660,BTCUSDT,1,68097.72,68099.32,68097.56,68099.31
1717047720,BTCUSDT,1,68099.31,68115.63,68098.71,68114.88
1717047780,BTCUSDT,1,68114.88,68125.79,68111.19,68111.85
1717047840,BTCUSDT,1,68111.85,68127.13,68100.27,68100.27
1717047900,BTCUSDT,1,68100.27,68128.83,68099.95,68128.83
1717047960,BTCUSDT,1,68128.83,68146.16,68128.83,68146.16
1717048020,BTCUSDT,1,68146.16,68146.43,68132.83,68137.03
1717048080,BTCUSDT,1,68137.03,68142.61,68130.81,68130.82
1717048140,BTCUSDT,1,68130.82,68130.82,68094.39,68094.9
1717048200,BTCUSDT,1,68094.9,68116.53,68094.12,68116.01
1717048260,BTCUSDT,1,68116.01,68130.43,68115.35,68130.43
1717048320,BTCUSDT,1,68130.43,68147.01,68130.43,68134.73
1717048380,BTCUSDT,1,68134.73,68136.81,68133.45,68133.45
1717048440,BTCUSDT,1,68133.45,68133.45,68107,68120.61
1717048500,BTCUSDT,1,68120.61,68135.92,68118.94,68132.92
1717048560,BTCUSDT,1,68132.92,68132.92,68124.96,68129.88
1717048620,BTCUSDT,1,68129.88,68129.89,68112.6,68113.99
1717048680,BTCUSDT,1,68113.99,68124.57,68113.99,68124.57
1717048740,BTCUSDT,1,68124.57,68138.21,68124.57,68138.08
1717048800,BTCUSDT,1,68138.08,68154.32,68132.7,68148.67
1717048860,BTCUSDT,1,68148.67,68184.56,68096.83,68140.13
1717048920,BTCUSDT,1,68140.13,68151.26,68123.89,68124.43
1717048980,BTCUSDT,1,68124.43,68124.56,68112.63,68112.63
1717049040,BTCUSDT,1,68112.63,68112.64,68098.67,68100.72
1717049100,BTCUSDT,1,68100.72,68100.72,67982.14,68000.09
1717049160,BTCUSDT,1,68000.09,68012.45,67931.04,67958.39
1717049220,BTCUSDT,1,67958.39,67972.68,67933.5,67967.39
1717049280,BTCUSDT,1,67967.39,67967.39,67919.41,67953.66
1717049340,BTCUSDT,1,67953.66,67954.85,67915.15,67942.27
1717049400,BTCUSDT,1,67942.27,67949.74,67905.54,67948.87
1717049460,BTCUSDT,1,67948.87,67962.95,67945.12,67946.32
1717049520,BTCUSDT,1,67946.32,67988.81,67946.31,67987.99
1717049580,BTCUSDT,1,67987.99,67989.87,67971.85,67976.75
1717049640,BTCUSDT,1,67976.75,67976.76,67942.12,67950.41
1717049700,BTCUSDT,1,67950.41,67980.45,67950.41,67974.79
1717049760,BTCUSDT,1,67974.79,67992.29,67963,67992.29
1717049820,BTCUSDT,1,67992.29,68011.09,67992.29,68003.29
1717049880,BTCUSDT,1,68003.29,68021.06,68003.08,68017.09
1717049940,BTCUSDT,1,68017.09,68017.1,67982.24,67984.89
1717050000,BTCUSDT,1,67984.89,67986.02,67926.86,67960.24
1717050060,BTCUSDT,1,67960.24,67983.85,67936.41,67957.69
1717050120,BTCUSDT,1,67957.69,68003.31,67953.07,67953.07
1717050180,BTCUSDT,1,67953.07,67953.07,67797.32,67817.02
1717050240,BTCUSDT,1,67817.02,67864.11,67813.06,67826.51
1717050300,BTCUSDT,1,67826.51,67874.64,67800.14,67874.64
1717050360,BTCUSDT,1,67874.64,67917.65,67874.64,67902.14
1717050420,BTCUSDT,1,67902.14,67915.21,67901.95,67907.3
1717050480,BTCUSDT,1,67907.3,67919.9,67906.83,67919.16
1717050540,BTCUSDT,1,67919.16,67925.82,67872.24,67922.65
1717050600,BTCUSDT,1,67922.65,67922.65,67875.35,67875.35
1717050660,BTCUSDT,1,67875.35,67877.01,67833.95,67859.93
1717050720,BTCUSDT,1,67859.93,67891.32,67828.4,67876.7
1717050780,BTCUSDT,1,67876.7,67876.7,67833.64,67842.37
1717050840,BTCUSDT,1,67842.37,67842.37,67778.96,67794.54
1717050900,BTCUSDT,1,67794.54,67816.96,67739.15,67789.57
1717050960,BTCUSDT,1,67789.57,67805.01,67780.91,67803.85
1717051020,BTCUSDT,1,67803.85,67820.68,67758.69,67817.58
1717051080,BTCUSDT,1,67817.58,67894.78,67817.58,67871.31
1717051140,BTCUSDT,1,67871.31,67875.11,67852.74,67861.49
1717051200,BTCUSDT,1,67861.49,67910.48,67861.48,67890.27
1717051260,BTCUSDT,1,67890.27,67892.72,67847.73,67887.31
1717051320,BTCUSDT,1,67887.31,67887.9,67875.11,67876.05
1717051380,BTCUSDT,1,67876.05,67960.92,67876.05,67960.92
1717051440,BTCUSDT,1,67960.92,67969.2,67950.62,67966.06
1717051500,BTCUSDT,1,67966.06,68011.33,67966.06,67992.89
1717051560,BTCUSDT,1,67992.89,67996.81,67978.29,67995.78
1717051620,BTCUSDT,1,67995.78,68005.66,67968.31,67984.96
1717051680,BTCUSDT,1,67984.96,68009.34,67984.96,68004.98
1717051740,BTCUSDT,1,68004.98,68011.98,67980.24,67983.94
1717051800,BTCUSDT,1,67983.94,67983.95,67941.03,67941.03
1717051860,BTCUSDT,1,67941.03,67957.62,67900.56,67900.56
1717051920,BTCUSDT,1,67900.56,67918.03,67869.53,67873.63
1717051980,BTCUSDT,1,67873.63,67878.66,67835.37,67854.45
1717052040,BTCUSDT,1,67854.45,67878.06,67842.11,67842.55
1717052100,BTCUSDT,1,67842.55,67870.64,67765.32,67765.32
1717052160,BTCUSDT,1,67765.32,67803.95,67739.1,67783.8
1717052220,BTCUSDT,1,67783.8,67838.7,67760.48,67798.77
1717052280,BTCUSDT,1,67798.77,67847.76,67798.76,67810.4
1717052340,BTCUSDT,1,67810.4,67850.18,67807.29,67834.69
1717052400,BTCUSDT,1,67834.69,67852.02,67804.69,67841.56
1717052460,BTCUSDT,1,67841.56,67870.83,67834.25,67848.23
1717052520,BTCUSDT,1,67848.23,67868.7,67840.72,67849.89
1717052580,BTCUSDT,1,67849.89,67874.9,67817.83,67817.83
1717052640,BTCUSDT,1,67817.83,67832.5,67806.2,67809.02
1717052700,BTCUSDT,1,67809.02,67816.94,67714.78,67816.94
1717052760,BTCUSDT,1,67816.94,67834.06,67796.36,67805.07
1717052820,BTCUSDT,1,67805.07,67826.82,67789.86,67807.87
1717052880,BTCUSDT,1,67807.87,67866.8,67806.63,67855.37
1717052940,BTCUSDT,1,67855.37,67872.78,67847.35,67872.56
1717053000,BTCUSDT,1,67872.56,67922.57,67872.55,67911.75
1717053060,BTCUSDT,1,67911.75,67924.97,67911.32,67920.48
1717053120,BTCUSDT,1,67920.48,67932.73,67894.56,67897.49
1717053180,BTCUSDT,1,67897.49,67898.73,67873.97,67875.91
1717053240,BTCUSDT,1,67875.91,67894.73,67869.63,67883.07
1717053300,BTCUSDT,1,67883.07,67913.76,67873.04,67913.75
1717053360,BTCUSDT,1,67913.75,67920.21,67879.06,67879.06
1717053420,BTCUSDT,1,67879.06,67880.39,67823.35,67853.15
1717053480,BTCUSDT,1,67853.15,67863.73,67841.64,67859.89
1717053540,BTCUSDT,1,67859.89,67859.89,67830.74,67839
1717053600,BTCUSDT,1,67839,67843.59,67777.78,67778
1717053660,BTCUSDT,1,67778,67778,67729.63,67735.69
1717053720,BTCUSDT,1,67735.69,67799.92,67735.27,67764.51
1717053780,BTCUSDT,1,67764.51,67784.33,67754.9,67778.71
1717053840,BTCUSDT,1,67778.71,67778.71,67753.06,67754.92
1717053900,BTCUSDT,1,67754.92,67759.74,67720.37,67759.49
1717053960,BTCUSDT,1,67759.49,67777.84,67758.25,67761.74
1717054020,BTCUSDT,1,67761.74,67774.65,67760.98,67774.65
1717054080,BTCUSDT,1,67774.65,67784.15,67774.65,67784.15
1717054140,BTCUSDT,1,67784.15,67786.54,67782.01,67786.53
1717054200,BTCUSDT,1,67786.53,67788.43,67782.66,67788.41
1717054260,BTCUSDT,1,67788.41,67788.42,67784.52,67785.88
1717054320,BTCUSDT,1,67785.88,67798.56,67784.95,67798.56
1717054380,BTCUSDT,1,67798.56,67823.44,67798.56,67822.81
1717054440,BTCUSDT,1,67822.81,67841.47,67822.81,67841.07
1717054500,BTCUSDT,1,67841.07,67846.16,67841.06,67845.19
1717054560,BTCUSDT,1,67845.19,67881.28,67845.19,67881.28
1717054620,BTCUSDT,1,67881.28,67900.63,67880.37,67900.63
1717054680,BTCUSDT,1,67900.63,67923.72,67900.63,67923.14
1717054740,BTCUSDT,1,67923.14,67930.31,67923.13,67929.91
1717054800,BTCUSDT,1,67929.91,67971.62,67929.91,67971.62
1717054860,BTCUSDT,1,67971.62,67972.08,67944.16,67946.04
1717054920,BTCUSDT,1,67946.04,67947.5,67903.02,67904.67
1717054980,BTCUSDT,1,67904.67,67942.35,67901.37,67942.34
1717055040,BTCUSDT,1,67942.34,67973.57,67942.34,67973.57
1717055100,BTCUSDT,1,67973.57,68001.37,67963.45,68001.37
1717055160,BTCUSDT,1,68001.37,68038.7,67979.36,67982.65
1717055220,BTCUSDT,1,67982.65,67987.82,67962.09,67963.83
1717055280,BTCUSDT,1,67963.83,67965.94,67942.49,67942.5
1717055340,BTCUSDT,1,67942.5,67942.5,67908.21,67908.29
1717055400,BTCUSDT,1,67908.29,67908.3,67824.09,67826.04
1717055460,BTCUSDT,1,67826.04,67826.24,67712.66,67743.04
1717055520,BTCUSDT,1,67743.04,67744.8,67566.56,67566.56
1717055580,BTCUSDT,1,67566.56,67624.54,67521.49,67618.12
1717055640,BTCUSDT,1,67618.12,67669.25,67585.62,67589.12
1717055700,BTCUSDT,1,67589.12,67642.73,67566.6,67567.58
1717055760,BTCUSDT,1,67567.58,67607.25,67567.58,67583.78
1717055820,BTCUSDT,1,67583.78,67584.42,67521.12,67559.44
1717055880,BTCUSDT,1,67559.44,67658.32,67559.43,67628.5
1717055940,BTCUSDT,1,67628.5,67630.44,67575.43,67584.65
1717056000,BTCUSDT,1,67584.65,67604.02,67543.52,67604.02
1717056060,BTCUSDT,1,67604.02,67642.85,67530.75,67546.41
1717056120,BTCUSDT,1,67546.41,67605.37,67511.02,67594.84
1717056180,BTCUSDT,1,67594.84,67633.48,67587.89,67631.89
1717056240,BTCUSDT,1,67631.89,67632.71,67579.81,67607.48
1717056300,BTCUSDT,1,67607.48,67623.33,67588.37,67588.37
1717056360,BTCUSDT,1,67588.37,67588.37,67512.16,67513.35
1717056420,BTCUSDT,1,67513.35,67533.21,67371.13,67427.68
1717056480,BTCUSDT,1,67427.68,67483.67,67391.91,67401.74
1717056540,BTCUSDT,1,67401.74,67418.71,67356.31,67408.56
1717056600,BTCUSDT,1,67408.56,67417.34,67374.53,67392.07
1717056660,BTCUSDT,1,67392.07,67400.5,67370.03,67377.26
1717056720,BTCUSDT,1,67377.26,67377.26,67325.68,67367.92
1717056780,BTCUSDT,1,67367.92,67368.93,67247.31,67247.52
1717056840,BTCUSDT,1,67247.52,67261.03,67202.21,67207.56
1717056900,BTCUSDT,1,67207.56,67254.27,67207.3,67210.01
1717056960,BTCUSDT,1,67210.01,67271.45,67207.37,67269.87
1717057020,BTCUSDT,1,67269.87,67284.07,67242.29,67274.31
1717057080,BTCUSDT,1,67274.31,67274.31,67164.68,67165.72
1717057140,BTCUSDT,1,67165.72,67240.96,67165.72,67199.27
1717057200,BTCUSDT,1,67199.27,67246.19,67198,67228.59
1717057260,BTCUSDT,1,67228.59,67228.59,67162.75,67195.81
1717057320,BTCUSDT,1,67195.81,67195.81,67138.39,67138.99
1717057380,BTCUSDT,1,67138.99,67169.66,67132.62,67142.38
1717057440,BTCUSDT,1,67142.38,67228.25,67133.74,67228.25
1717057500,BTCUSDT,1,67228.25,67315.47,67228.25,67315.47
1717057560,BTCUSDT,1,67315.47,67380.82,67315.47,67327.11
1717057620,BTCUSDT,1,67327.11,67383.38,67307.24,67382.38
1717057680,BTCUSDT,1,67382.38,67387.99,67342.82,67367.51
1717057740,BTCUSDT,1,67367.51,67387.04,67359.73,67379.11
1717057800,BTCUSDT,1,67379.11,67455.45,67379.11,67453.7
1717057860,BTCUSDT,1,67453.7,67486.9,67448.52,67456.67
1717057920,BTCUSDT,1,67456.67,67475.99,67436,67469.06
1717057980,BTCUSDT,1,67469.06,67508.85,67466.72,67508.85
1717058040,BTCUSDT,1,67508.85,67508.88,67440.07,67440.07
1717058100,BTCUSDT,1,67440.07,67468.77,67428.51,67451.42
1717058160,BTCUSDT,1,67451.42,67498.12,67435.52,67492.78
1717058220,BTCUSDT,1,67492.78,67492.78,67462.5,67474.72
1717058280,BTCUSDT,1,67474.72,67517.65,67474.72,67514.23
1717058340,BTCUSDT,1,67514.23,67518.65,67496.68,67499.95
1717058400,BTCUSDT,1,67499.95,67531.18,67498.72,67528.47
1717058460,BTCUSDT,1,67528.47,67551.79,67522.39,67551.78
1717058520,BTCUSDT,1,67551.78,67552.57,67507.33,67534.19
1717058580,BTCUSDT,1,67534.19,67563.36,67534.19,67559.56
1717058640,BTCUSDT,1,67559.56,67561.59,67556.95,67560.24
1717058700,BTCUSDT,1,67560.24,67560.24,67501.93,67501.93
1717058760,BTCUSDT,1,67501.93,67533.83,67463.51,67525.71
1717058820,BTCUSDT,1,67525.71,67564.61,67511.25,67564
1717058880,BTCUSDT,1,67564,67564.33,67546.15,67548.73
1717058940,BTCUSDT,1,67548.73,67575.94,67547.09,67575.94
1717059000,BTCUSDT,1,67575.94,67576,67536.38,67542.56
1717059060,BTCUSDT,1,67542.56,67576.93,67542.55,67576.92
1717059120,BTCUSDT,1,67576.92,67582.77,67575.61,67576.02
1717059180,BTCUSDT,1,67576.02,67589,67572.33,67583.6
1717059240,BTCUSDT,1,67583.6,67603.63,67578.65,67603.62
1717059300,BTCUSDT,1,67603.62,67626.44,67603.61,67626.34
1717059360,BTCUSDT,1,67626.34,67696.73,67626.34,67694.85
1717059420,BTCUSDT,1,67694.85,67769.92,67694.7,67763.04
1717059480,BTCUSDT,1,67763.04,67763.04,67709.72,67713.2
1717059540,BTCUSDT,1,67713.2,67715.62,67686.86,67688.92
1717059600,BTCUSDT,1,67688.92,67719.81,67688.85,67719.81
1717059660,BTCUSDT,1,67719.81,67724.27,67691.97,67691.97
1717059720,BTCUSDT,1,67691.97,67691.97,67627.12,67630.35
1717059780,BTCUSDT,1,67630.35,67681.85,67609.88,67653.49
1717059840,BTCUSDT,1,67653.49,67653.49,67608.14,67611.1
1717059900,BTCUSDT,1,67611.1,67618,67603.33,67604.01
1717059960,BTCUSDT,1,67604.01,67616.71,67589.14,67596.19
1717060020,BTCUSDT,1,67596.19,67627.45,67594.69,67627.45
1717060080,BTCUSDT,1,67627.45,67694.39,67627.44,67680.84
1717060140,BTCUSDT,1,67680.84,67680.84,67661.18,67674.18
1717060200,BTCUSDT,1,67674.18,67683.19,67651.89,67656.32
1717060260,BTCUSDT,1,67656.32,67672.05,67646.79,67671.52
1717060320,BTCUSDT,1,67671.52,67675.41,67652.55,67652.55
1717060380,BTCUSDT,1,67652.55,67674.62,67651.2,67674.26
1717060440,BTCUSDT,1,67674.26,67716.81,67673.75,67716.81
1717060500,BTCUSDT,1,67716.81,67722.55,67686.36,67706.88
1717060560,BTCUSDT,1,67706.88,67710.87,67685.18,67700.29
1717060620,BTCUSDT,1,67700.29,67761.56,67700.29,67736.83
1717060680,BTCUSDT,1,67736.83,67741.99,67717.92,67740.58
1717060740,BTCUSDT,1,67740.58,67740.59,67714.45,67733.18
1717060800,BTCUSDT,1,67733.18,67735.16,67683.42,67683.42
1717060860,BTCUSDT,1,67683.42,67683.43,67649.11,67662.14
1717060920,BTCUSDT,1,67662.14,67679.18,67660.93,67679.17
1717060980,BTCUSDT,1,67679.17,67685.73,67675.18,67678.66
1717061040,BTCUSDT,1,67678.66,67678.67,67650.76,67652.48
1717061100,BTCUSDT,1,67652.48,67652.48,67644.49,67644.5
1717061160,BTCUSDT,1,67644.5,67644.51,67620.05,67620.26
1717061220,BTCUSDT,1,67620.26,67622.2,67618.8,67620.97
1717061280,BTCUSDT,1,67620.97,67620.97,67611.73,67611.89
1717061340,BTCUSDT,1,67611.89,67611.89,67577.81,67578.23
1717061400,BTCUSDT,1,67578.23,67627.63,67577.45,67621.5
1717061460,BTCUSDT,1,67621.5,67647.79,67621.5,67639.95
1717061520,BTCUSDT,1,67639.95,67644.28,67628.9,67642.63
1717061580,BTCUSDT,1,67642.63,67642.63,67630.68,67639.39
1717061640,BTCUSDT,1,67639.39,67639.4,67630.88,67631.15
1717061700,BTCUSDT,1,67631.15,67631.15,67596.49,67599.07
1717061760,BTCUSDT,1,67599.07,67599.08,67563.37,67563.48
1717061820,BTCUSDT,1,67563.48,67571.37,67540.12,67561.87
1717061880,BTCUSDT,1,67561.87,67561.88,67465.11,67506.95
1717061940,BTCUSDT,1,67506.95,67509.21,67468.46,67488.49
1717062000,BTCUSDT,1,67488.49,67530.85,67488.49,67530.85
1717062060,BTCUSDT,1,67530.85,67550.12,67526.59,67550.12
1717062120,BTCUSDT,1,67550.12,67558,67535.27,67555.84
1717062180,BTCUSDT,1,67555.84,67601.44,67554.67,67601.14
1717062240,BTCUSDT,1,67601.14,67607.24,67581.59,67582.68
1717062300,BTCUSDT,1,67582.68,67605.3,67568.93,67603.9
1717062360,BTCUSDT,1,67603.9,67621.42,67598.34,67621.25
1717062420,BTCUSDT,1,67621.25,67636.72,67616.45,67636.72
1717062480,BTCUSDT,1,67636.72,67648.31,67630.3,67632.4
1717062540,BTCUSDT,1,67632.4,67641.16,67628.64,67630.33
1717062600,BTCUSDT,1,67630.33,67645.84,67630.22,67645
1717062660,BTCUSDT,1,67645,67649.91,67630.39,67648.22
1717062720,BTCUSDT,1,67648.22,67651.72,67648.22,67651.72
1717062780,BTCUSDT,1,67651.72,67685.36,67651.71,67685.07
1717062840,BTCUSDT,1,67685.07,67688.07,67654.73,67656.17
1717062900,BTCUSDT,1,67656.17,67694.95,67655.66,67691.05
1717062960,BTCUSDT,1,67691.05,67697.36,67682.22,67695.95
1717063020,BTCUSDT,1,67695.95,67736.3,67694.9,67733.24
1717063080,BTCUSDT,1,67733.24,67754.67,67715.57,67752.9
1717063140,BTCUSDT,1,67752.9,67757.38,67746.41,67748.38
1717063200,BTCUSDT,1,67748.38,67753.71,67737.33,67753.13
1717063260,BTCUSDT,1,67753.13,67753.14,67699.92,67699.92
1717063320,BTCUSDT,1,67699.92,67737.75,67674.01,67727.49
1717063380,BTCUSDT,1,67727.49,67737.55,67701.79,67717.09
1717063440,BTCUSDT,1,67717.09,67723.49,67717.08,67718.63
1717063500,BTCUSDT,1,67718.63,67718.63,67690.05,67690.05
1717063560,BTCUSDT,1,67690.05,67690.06,67658.58,67671.96
1717063620,BTCUSDT,1,67671.96,67690.66,67645.21,67646.93
1717063680,BTCUSDT,1,67646.93,67649.05,67612.41,67612.41
1717063740,BTCUSDT,1,67612.41,67625.29,67608.05,67625.21
1717063800,BTCUSDT,1,67625.21,67648.78,67625.2,67648.55
1717063860,BTCUSDT,1,67648.55,67660.97,67648.31,67659.69
1717063920,BTCUSDT,1,67659.69,67661.33,67655.09,67655.09
1717063980,BTCUSDT,1,67655.09,67656.97,67654.5,67654.51
1717064040,BTCUSDT,1,67654.51,67654.51,67603.09,67603.09
1717064100,BTCUSDT,1,67603.09,67615.9,67585.9,67606.94
1717064160,BTCUSDT,1,67606.94,67608.6,67602.29,67608.59
1717064220,BTCUSDT,1,67608.59,67619.02,67606.98,67617.44
1717064280,BTCUSDT,1,67617.44,67617.45,67604.85,67606.94
1717064340,BTCUSDT,1,67606.94,67607.42,67565.66,67566.61
1717064400,BTCUSDT,1,67566.61,67603.18,67542.31,67598.62
1717064460,BTCUSDT,1,67598.62,67624.93,67589.1,67624.93
1717064520,BTCUSDT,1,67624.93,67685.48,67624.92,67685.38
1717064580,BTCUSDT,1,67685.38,67688.56,67664.88,67672.9
1717064640,BTCUSDT,1,67672.9,67672.91,67664.51,67664.81
1717064700,BTCUSDT,1,67664.81,67665.8,67655.21,67655.41
1717064760,BTCUSDT,1,67655.41,67677.89,67654.64,67677.89
1717064820,BTCUSDT,1,67677.89,67696.28,67677.89,67695.24
1717064880,BTCUSDT,1,67695.24,67699.45,67695.24,67698.03
1717064940,BTCUSDT,1,67698.03,67700.63,67684.77,67689.3
1717065000,BTCUSDT,1,67689.3,67719.5,67689.06,67719.5
1717065060,BTCUSDT,1,67719.5,67740.69,67718.78,67740.68
1717065120,BTCUSDT,1,67740.68,67768.12,67739.7,67765.56
1717065180,BTCUSDT,1,67765.56,67765.57,67730.66,67731.77
1717065240,BTCUSDT,1,67731.77,67766.34,67731.77,67766.34
1717065300,BTCUSDT,1,67766.34,67840.16,67766.34,67829.28
1717065360,BTCUSDT,1,67829.28,67837.57,67817.97,67823.24
1717065420,BTCUSDT,1,67823.24,67844.28,67823.09,67844.28
1717065480,BTCUSDT,1,67844.28,67844.72,67821.02,67823.23
1717065540,BTCUSDT,1,67823.23,67827.05,67788.17,67805.05
1717065600,BTCUSDT,1,67805.05,67845.45,67805.05,67845.33
1717065660,BTCUSDT,1,67845.33,67876.49,67844.44,67876.09
1717065720,BTCUSDT,1,67876.09,67974.96,67876.08,67949.03
1717065780,BTCUSDT,1,67949.03,67949.03,67892.22,67926.13
1717065840,BTCUSDT,1,67926.13,67927.94,67906.3,67925.68
1717065900,BTCUSDT,1,67925.68,67935.07,67918.88,67935.07
1717065960,BTCUSDT,1,67935.07,67993.26,67928.83,67990.58
1717066020,BTCUSDT,1,67990.58,67990.58,67945.15,67945.15
1717066080,BTCUSDT,1,67945.15,67945.17,67865.79,67872.2
1717066140,BTCUSDT,1,67872.2,67886.78,67867.75,67877.61
1717066200,BTCUSDT,1,67877.61,67893.71,67866.66,67867.3
1717066260,BTCUSDT,1,67867.3,67880.38,67840.84,67878.37
1717066320,BTCUSDT,1,67878.37,67880.04,67878.12,67878.17
1717066380,BTCUSDT,1,67878.17,67889.7,67863.13,67889.7
1717066440,BTCUSDT,1,67889.7,67913.87,67889.4,67912.04
1717066500,BTCUSDT,1,67912.04,67921.51,67907.96,67918.68
1717066560,BTCUSDT,1,67918.68,67956.85,67918.68,67956.03
1717066620,BTCUSDT,1,67956.03,67970.24,67942,67943.3
1717066680,BTCUSDT,1,67943.3,67958.23,67942.6,67942.6
1717066740,BTCUSDT,1,67942.6,67945.24,67939.61,67940.63
1717066800,BTCUSDT,1,67940.63,67957.21,67927.54,67954.05
1717066860,BTCUSDT,1,67954.05,67982.04,67950.86,67981.83
1717066920,BTCUSDT,1,67981.83,67981.83,67919.13,67930.04
1717066980,BTCUSDT,1,67930.04,67958.49,67930.04,67958.48
1717067040,BTCUSDT,1,67958.48,67958.48,67932.68,67932.68
1717067100,BTCUSDT,1,67932.68,67937.73,67902.21,67936.22
1717067160,BTCUSDT,1,67936.22,67946.92,67902.78,67902.78
1717067220,BTCUSDT,1,67902.78,67911.98,67901.61,67910.54
1717067280,BTCUSDT,1,67910.54,67922.73,67910.53,67920.29
1717067340,BTCUSDT,1,67920.29,67957.79,67920.28,67946.79
1717067400,BTCUSDT,1,67946.79,67946.8,67919.9,67924.47
1717067460,BTCUSDT,1,67924.47,67925.27,67921.48,67924.02
1717067520,BTCUSDT,1,67924.02,67968.04,67924.02,67968.03
1717067580,BTCUSDT,1,67968.03,67994.86,67968.03,67993.62
1717067640,BTCUSDT,1,67993.62,68004.12,67969.78,67970.82
1717067700,BTCUSDT,1,67970.82,67977.05,67944.69,67946.11
1717067760,BTCUSDT,1,67946.11,67950.38,67938.37,67950.38
1717067820,BTCUSDT,1,67950.38,67950.51,67922.68,67922.68
1717067880,BTCUSDT,1,67922.68,67928.08,67914.87,67923.16
1717067940,BTCUSDT,1,67923.16,67924.17,67906.92,67907.84
1717068000,BTCUSDT,1,67907.84,67910.27,67904.53,67904.57
1717068060,BTCUSDT,1,67904.57,67928.57,67897.45,67915.87
1717068120,BTCUSDT,1,67915.87,67915.87,67853.76,67854.6
1717068180,BTCUSDT,1,67854.6,67895.87,67854.6,67885.99
1717068240,BTCUSDT,1,67885.99,67928.6,67885.99,67928.6
1717068300,BTCUSDT,1,67928.6,67934.09,67917.82,67917.82
1717068360,BTCUSDT,1,67917.82,67960.4,67906.45,67946.4
1717068420,BTCUSDT,1,67946.4,68000.37,67946.39,68000.37
1717068480,BTCUSDT,1,68000.37,68094.51,67994.02,68093.44
1717068540,BTCUSDT,1,68093.44,68105.09,68069.41,68095.38
1717068600,BTCUSDT,1,68095.38,68101.84,68071.53,68072.13
1717068660,BTCUSDT,1,68072.13,68073.13,68038,68044.02
1717068720,BTCUSDT,1,68044.02,68086.85,68044.02,68086.23
1717068780,BTCUSDT,1,68086.23,68090.01,68026.76,68035.82
1717068840,BTCUSDT,1,68035.82,68065.75,68035.82,68057.18
1717068900,BTCUSDT,1,68057.18,68057.18,67995.31,67995.31
1717068960,BTCUSDT,1,67995.31,67998.71,67968,67997.09
1717069020,BTCUSDT,1,67997.09,67997.09,67957.67,67969.67
1717069080,BTCUSDT,1,67969.67,67971.93,67953.22,67960.62
1717069140,BTCUSDT,1,67960.62,67961.23,67954.98,67955.68
1717069200,BTCUSDT,1,67955.68,67956.26,67928.22,67928.22
1717069260,BTCUSDT,1,67928.22,67959.72,67928.22,67958.39
1717069320,BTCUSDT,1,67958.39,67958.47,67950.49,67950.5
1717069380,BTCUSDT,1,67950.5,67958.62,67950.5,67958.6
1717069440,BTCUSDT,1,67958.6,67969.95,67958.6,67969.87
1717069500,BTCUSDT,1,67969.87,67973.64,67926.75,67926.75
1717069560,BTCUSDT,1,67926.75,67940.34,67870.6,67934.5
1717069620,BTCUSDT,1,67934.5,67935.94,67895.12,67897.87
1717069680,BTCUSDT,1,67897.87,67908.42,67885.31,67896.23
1717069740,BTCUSDT,1,67896.23,67938.6,67896.23,67935.97
1717069800,BTCUSDT,1,67935.97,67935.98,67862.17,67863.57
1717069860,BTCUSDT,1,67863.57,67873.37,67857.47,67873.37
1717069920,BTCUSDT,1,67873.37,67929.12,67860.03,67862.72
1717069980,BTCUSDT,1,67862.72,67877.41,67856.3,67856.56
1717070040,BTCUSDT,1,67856.56,67863.68,67856.55,67862.83
1717070100,BTCUSDT,1,67862.83,67866.79,67860.16,67862.29
1717070160,BTCUSDT,1,67862.29,67866.51,67828.2,67828.85
1717070220,BTCUSDT,1,67828.85,67845.66,67813.85,67832.19
1717070280,BTCUSDT,1,67832.19,67832.19,67815.47,67815.9
1717070340,BTCUSDT,1,67815.9,67818.64,67813.5,67814.57
1717070400,BTCUSDT,1,67814.57,67814.58,67765.19,67767.53
1717070460,BTCUSDT,1,67767.53,67787.37,67749.36,67787.34
1717070520,BTCUSDT,1,67787.34,67814.86,67774.98,67810.31
1717070580,BTCUSDT,1,67810.31,67919.75,67804.05,67919.75
1717070640,BTCUSDT,1,67919.75,67924.1,67864.2,67866.85
1717070700,BTCUSDT,1,67866.85,67893.52,67866.85,67893.02
1717070760,BTCUSDT,1,67893.02,67914.55,67893.01,67914.55
1717070820,BTCUSDT,1,67914.55,67914.55,67897,67897.05
1717070880,BTCUSDT,1,67897.05,67897.06,67855.55,67876.05
1717070940,BTCUSDT,1,67876.05,67896.82,67873.1,67893.9
1717071000,BTCUSDT,1,67893.9,67923.56,67893.9,67921.9
1717071060,BTCUSDT,1,67921.9,67938.95,67920.5,67938.95
1717071120,BTCUSDT,1,67938.95,67950.8,67920.73,67950.8
1717071180,BTCUSDT,1,67950.8,67993.76,67950.8,67970.57
1717071240,BTCUSDT,1,67970.57,67970.57,67951.65,67952.51
1717071300,BTCUSDT,1,67952.51,67952.52,67916.06,67928.42
1717071360,BTCUSDT,1,67928.42,67958.43,67903.8,67958.09
1717071420,BTCUSDT,1,67958.09,67997.9,67956.44,67994.22
1717071480,BTCUSDT,1,67994.22,68000.06,67988.12,67999.68
1717071540,BTCUSDT,1,67999.68,67999.68,67988.89,67989.59
1717071600,BTCUSDT,1,67989.59,68029.59,67989.59,68026.27
1717071660,BTCUSDT,1,68026.27,68037.76,68026.26,68037.72
1717071720,BTCUSDT,1,68037.72,68052.82,68037.56,68048.91
1717071780,BTCUSDT,1,68048.91,68062.45,68005.43,68005.9
1717071840,BTCUSDT,1,68005.9,68045.69,68005.89,68022.76
1717071900,BTCUSDT,1,68022.76,68024.7,67997.18,68006.35
1717071960,BTCUSDT,1,68006.35,68016.87,67986.88,67988.74
1717072020,BTCUSDT,1,67988.74,68027.19,67988.62,68027.19
1717072080,BTCUSDT,1,68027.19,68027.19,67994.96,68004.56
1717072140,BTCUSDT,1,68004.56,68027.95,68001.9,68027.01
1717072200,BTCUSDT,1,68027.01,68269.4,68026.5,68218.83
1717072260,BTCUSDT,1,68218.83,68219.91,68073.96,68123.54
1717072320,BTCUSDT,1,68123.54,68169.83,68099.08,68099.08
1717072380,BTCUSDT,1,68099.08,68099.09,67869.84,67977
1717072440,BTCUSDT,1,67977,68060.68,67938.28,68006.56
1717072500,BTCUSDT,1,68006.56,68060.46,67990.14,68053.41
1717072560,BTCUSDT,1,68053.41,68073.27,68022.39,68034.42
1717072620,BTCUSDT,1,68034.42,68076.72,68033.04,68062.54
1717072680,BTCUSDT,1,68062.54,68075.93,68041.93,68058.31
1717072740,BTCUSDT,1,68058.31,68058.31,68009.32,68025.69
1717072800,BTCUSDT,1,68025.69,68049.8,68008.84,68049.8
1717072860,BTCUSDT,1,68049.8,68129.27,68049.67,68129.27
1717072920,BTCUSDT,1,68129.27,68180.42,68112.31,68177.56
1717072980,BTCUSDT,1,68177.56,68255.29,68160.63,68225.39
1717073040,BTCUSDT,1,68225.39,68265.7,68210.07,68226.93
1717073100,BTCUSDT,1,68226.93,68261.72,68209.96,68240.35
1717073160,BTCUSDT,1,68240.35,68240.35,68182.42,68229.97
1717073220,BTCUSDT,1,68229.97,68275.37,68221.34,68247.02
1717073280,BTCUSDT,1,68247.02,68294.95,68247.01,68257.15
1717073340,BTCUSDT,1,68257.15,68314.09,68243.08,68247.73
1717073400,BTCUSDT,1,68247.73,68255.48,68163.6,68163.6
1717073460,BTCUSDT,1,68163.6,68163.61,68120.57,68134.82
1717073520,BTCUSDT,1,68134.82,68176.33,68120.51,68149.79
1717073580,BTCUSDT,1,68149.79,68153.82,68117.49,68125.2
1717073640,BTCUSDT,1,68125.2,68167.9,68125.2,68161.17
1717073700,BTCUSDT,1,68161.17,68179.88,68117.58,68158.41
1717073760,BTCUSDT,1,68158.41,68166.86,68131.59,68163.18
1717073820,BTCUSDT,1,68163.18,68178.4,68118.32,68118.7
1717073880,BTCUSDT,1,68118.7,68147.17,68115.92,68144.38
1717073940,BTCUSDT,1,68144.38,68158.65,68132.12,68137.06
1717074000,BTCUSDT,1,68137.06,68170.74,68134.94,68168.22
1717074060,BTCUSDT,1,68168.22,68178.82,68159.38,68178.81
1717074120,BTCUSDT,1,68178.81,68212.34,68178.81,68192.57
1717074180,BTCUSDT,1,68192.57,68192.58,68074.7,68074.7
1717074240,BTCUSDT,1,68074.7,68086.61,68055.28,68073.2
1717074300,BTCUSDT,1,68073.2,68073.48,68050.94,68050.94
1717074360,BTCUSDT,1,68050.94,68093.29,68049.84,68092.34
1717074420,BTCUSDT,1,68092.34,68127.02,68090.99,68093.61
1717074480,BTCUSDT,1,68093.61,68132.3,68067.46,68131.65
1717074540,BTCUSDT,1,68131.65,68134.59,68111.12,68134.59
1717074600,BTCUSDT,1,68134.59,68160.62,68116.25,68160.62
1717074660,BTCUSDT,1,68160.62,68191.18,68159.26,68181.83
1717074720,BTCUSDT,1,68181.83,68198.57,68166.06,68166.07
1717074780,BTCUSDT,1,68166.07,68176.29,68165.79,68173.28
1717074840,BTCUSDT,1,68173.28,68202.85,68173.13,68202.85
1717074900,BTCUSDT,1,68202.85,68331.38,68202.84,68330.41
1717074960,BTCUSDT,1,68330.41,68354.92,68296.58,68317.49
1717075020,BTCUSDT,1,68317.49,68371.75,68311.67,68343.9
1717075080,BTCUSDT,1,68343.9,68351.59,68311.89,68342.66
1717075140,BTCUSDT,1,68342.66,68343.59,68291.13,68293.94
1717075200,BTCUSDT,1,68293.94,68316.52,68248.91,68251.13
1717075260,BTCUSDT,1,68251.13,68283.31,68237.41,68269.95
1717075320,BTCUSDT,1,68269.95,68270.11,68251.39,68266.24
1717075380,BTCUSDT,1,68266.24,68273.71,68265.77,68269.1
1717075440,BTCUSDT,1,68269.1,68293.41,68268.99,68281.92
1717075500,BTCUSDT,1,68281.92,68296.03,68262.96,68293.97
1717075560,BTCUSDT,1,68293.97,68294.12,68263.81,68263.81
1717075620,BTCUSDT,1,68263.81,68265.76,68213.73,68225.4
1717075680,BTCUSDT,1,68225.4,68238.67,68222.46,68224.9
1717075740,BTCUSDT,1,68224.9,68224.91,68191.7,68201.68
1717075800,BTCUSDT,1,68201.68,68202.35,68159.06,68196.32
1717075860,BTCUSDT,1,68196.32,68254.05,68181.62,68206.2
1717075920,BTCUSDT,1,68206.2,68257.82,68192.96,68231.93
1717075980,BTCUSDT,1,68231.93,68254.05,68175.18,68175.18
1717076040,BTCUSDT,1,68175.18,68204.24,68122.4,68123.39
1717076100,BTCUSDT,1,68123.39,68165.89,68118.02,68118.34
1717076160,BTCUSDT,1,68118.34,68121.16,68077.85,68088.37
1717076220,BTCUSDT,1,68088.37,68112.93,68063.06,68103.72
1717076280,BTCUSDT,1,68103.72,68167.01,68074.9,68118.36
1717076340,BTCUSDT,1,68118.36,68147.61,68102.63,68109.82
1717076400,BTCUSDT,1,68109.82,68145.06,68079.41,68087.39
1717076460,BTCUSDT,1,68087.39,68142.08,68069.7,68115.83
1717076520,BTCUSDT,1,68115.83,68189.04,68093.62,68189.04
1717076580,BTCUSDT,1,68189.04,68260.82,68189.04,68249.52
1717076640,BTCUSDT,1,68249.52,68249.53,68221.36,68235.54
1717076700,BTCUSDT,1,68235.54,68419.87,68235.53,68417.82
1717076760,BTCUSDT,1,68417.82,68535.11,68406.21,68533.72
1717076820,BTCUSDT,1,68533.72,68676.61,68517.37,68620.57
1717076880,BTCUSDT,1,68620.57,68638.83,68563.57,68576.56
1717076940,BTCUSDT,1,68576.56,68643.91,68575.41,68602.92
1717077000,BTCUSDT,1,68602.92,68657.99,68579.77,68617.33
1717077060,BTCUSDT,1,68617.33,68617.87,68530.71,68559.48
1717077120,BTCUSDT,1,68559.48,68560.04,68470.32,68516.13
1717077180,BTCUSDT,1,68516.13,68524.88,68458.65,68468.14
1717077240,BTCUSDT,1,68468.14,68472.71,68451.9,68452.85
1717077300,BTCUSDT,1,68452.85,68518.14,68448.04,68489.97
1717077360,BTCUSDT,1,68489.97,68581.43,68486.26,68581.43
1717077420,BTCUSDT,1,68581.43,68628.39,68562.11,68628.39
1717077480,BTCUSDT,1,68628.39,68658.15,68628.39,68646.55
1717077540,BTCUSDT,1,68646.55,68646.55,68575,68622.8
1717077600,BTCUSDT,1,68622.8,68668.32,68615.05,68640.98
1717077660,BTCUSDT,1,68640.98,68675.05,68590.65,68671.4
1717077720,BTCUSDT,1,68671.4,68727.87,68622.89,68622.89
1717077780,BTCUSDT,1,68622.89,68622.89,68535.69,68573.12
1717077840,BTCUSDT,1,68573.12,68673.53,68565.95,68659
1717077900,BTCUSDT,1,68659,68673.92,68645.97,68656.39
1717077960,BTCUSDT,1,68656.39,68727.96,68654.8,68719.17
1717078020,BTCUSDT,1,68719.17,68753.42,68705.03,68752.05
1717078080,BTCUSDT,1,68752.05,68826.77,68734.43,68814.58
1717078140,BTCUSDT,1,68814.58,68819.78,68750.73,68761.92
1717078200,BTCUSDT,1,68761.92,68783.1,68705.61,68705.61
1717078260,BTCUSDT,1,68705.61,68705.62,68598.95,68609.2
1717078320,BTCUSDT,1,68609.2,68611.67,68537.02,68552.88
1717078380,BTCUSDT,1,68552.88,68552.89,68498.31,68543
1717078440,BTCUSDT,1,68543,68545.04,68481.56,68481.56
1717078500,BTCUSDT,1,68481.56,68571.44,68473.53,68570.17
1717078560,BTCUSDT,1,68570.17,68620.06,68568.26,68584.89
1717078620,BTCUSDT,1,68584.89,68689.47,68550.98,68688.58
1717078680,BTCUSDT,1,68688.58,68700.81,68640.8,68661.81
1717078740,BTCUSDT,1,68661.81,68701.89,68661.47,68698.41
1717078800,BTCUSDT,1,68698.41,68715.98,68696.69,68700.75
1717078860,BTCUSDT,1,68700.75,68727.37,68690.07,68727.37
1717078920,BTCUSDT,1,68727.37,68789.94,68727.37,68753.94
1717078980,BTCUSDT,1,68753.94,68777.96,68733.09,68738.58
1717079040,BTCUSDT,1,68738.58,68749.06,68711.01,68711.09
1717079100,BTCUSDT,1,68711.09,68731.59,68699.9,68724.91
1717079160,BTCUSDT,1,68724.91,68724.92,68682.52,68708.37
1717079220,BTCUSDT,1,68708.37,68716.72,68675.34,68675.34
1717079280,BTCUSDT,1,68675.34,68675.35,68613.84,68613.84
1717079340,BTCUSDT,1,68613.84,68680.36,68607.63,68669.96
1717079400,BTCUSDT,1,68669.96,68752.53,68659.49,68752.53
1717079460,BTCUSDT,1,68752.53,68758.08,68734.26,68753.49
1717079520,BTCUSDT,1,68753.49,68753.49,68711.63,68722.19
1717079580,BTCUSDT,1,68722.19,68722.19,68669.12,68701.81
1717079640,BTCUSDT,1,68701.81,68708.7,68687.68,68688.81
1717079700,BTCUSDT,1,68688.81,68700.38,68640.11,68661.21
1717079760,BTCUSDT,1,68661.21,68665.12,68616.32,68664.82
1717079820,BTCUSDT,1,68664.82,68689.58,68654.51,68661.6
1717079880,BTCUSDT,1,68661.6,68667.87,68567.77,68567.77
1717079940,BTCUSDT,1,68567.77,68582.41,68519.65,68520.9
1717080000,BTCUSDT,1,68520.9,68560.1,68513.39,68558.87
1717080060,BTCUSDT,1,68558.87,68567.58,68493.56,68493.88
1717080120,BTCUSDT,1,68493.88,68510.94,68468.09,68471.39
1717080180,BTCUSDT,1,68471.39,68505.95,68459.26,68477.23
1717080240,BTCUSDT,1,68477.23,68514.76,68477.23,68512.61
1717080300,BTCUSDT,1,68512.61,68582.39,68512.6,68579.45
1717080360,BTCUSDT,1,68579.45,68579.46,68443.7,68443.7
1717080420,BTCUSDT,1,68443.7,68489.65,68441.86,68474.93
1717080480,BTCUSDT,1,68474.93,68475.28,68428.08,68434.44
1717080540,BTCUSDT,1,68434.44,68435.25,68393.88,68429.02
1717080600,BTCUSDT,1,68429.02,68470.23,68425.04,68462.63
1717080660,BTCUSDT,1,68462.63,68498.39,68443.27,68443.27
1717080720,BTCUSDT,1,68443.27,68443.27,68406.6,68406.6
1717080780,BTCUSDT,1,68406.6,68406.61,68295.14,68322.73
1717080840,BTCUSDT,1,68322.73,68327.84,68280.91,68291.45
1717080900,BTCUSDT,1,68291.45,68326.3,68259.25,68326.3
1717080960,BTCUSDT,1,68326.3,68355.19,68314.05,68335.77
1717081020,BTCUSDT,1,68335.77,68356.74,68305.57,68349.22
1717081080,BTCUSDT,1,68349.22,68378.18,68349.21,68356.32
1717081140,BTCUSDT,1,68356.32,68365.15,68353.97,68364.23
1717081200,BTCUSDT,1,68364.23,68394.32,68341.05,68379.34
1717081260,BTCUSDT,1,68379.34,68379.89,68320.5,68362.47
1717081320,BTCUSDT,1,68362.47,68394,68352.59,68393.99
1717081380,BTCUSDT,1,68393.99,68428.79,68364.23,68366.14
1717081440,BTCUSDT,1,68366.14,68378.46,68320.09,68320.09
1717081500,BTCUSDT,1,68320.09,68320.09,68178.06,68180.91
1717081560,BTCUSDT,1,68180.91,68259.29,68180.7,68204.96
1717081620,BTCUSDT,1,68204.96,68219.56,68168.39,68172.67
1717081680,BTCUSDT,1,68172.67,68212.13,68147.46,68212.13
1717081740,BTCUSDT,1,68212.13,68267.04,68209.91,68266.99
1717081800,BTCUSDT,1,68266.99,68285.43,68214.19,68255.86
1717081860,BTCUSDT,1,68255.86,68301.62,68247.47,68286.36
1717081920,BTCUSDT,1,68286.36,68304.74,68277.35,68301.91
1717081980,BTCUSDT,1,68301.91,68303.76,68274.34,68274.9
1717082040,BTCUSDT,1,68274.9,68284.39,68269.48,68270.44
1717082100,BTCUSDT,1,68270.44,68398.65,68261.32,68393.8
1717082160,BTCUSDT,1,68393.8,68425.04,68350.18,68351.82
1717082220,BTCUSDT,1,68351.82,68376.86,68321.2,68369.54
1717082280,BTCUSDT,1,68369.54,68369.54,68317.56,68321.26
1717082340,BTCUSDT,1,68321.26,68339.79,68319.21,68337.75
1717082400,BTCUSDT,1,68337.75,68350.24,68335.05,68335.31
1717082460,BTCUSDT,1,68335.31,68337.16,68283.13,68287.84
1717082520,BTCUSDT,1,68287.84,68306.38,68284.43,68301.68
1717082580,BTCUSDT,1,68301.68,68343.22,68301.05,68341.7
1717082640,BTCUSDT,1,68341.7,68356.6,68336.97,68354.34
1717082700,BTCUSDT,1,68354.34,68361.45,68340.49,68344.51
1717082760,BTCUSDT,1,68344.51,68356.05,68325.5,68331.96
1717082820,BTCUSDT,1,68331.96,68351.25,68331.24,68349.29
1717082880,BTCUSDT,1,68349.29,68394.5,68346.93,68394.05
1717082940,BTCUSDT,1,68394.05,68462.77,68394.04,68425
1717083000,BTCUSDT,1,68425,68449.91,68367.6,68447.32
1717083060,BTCUSDT,1,68447.32,68553.41,68445.63,68537.13
1717083120,BTCUSDT,1,68537.13,68551.37,68504.32,68551.29
1717083180,BTCUSDT,1,68551.29,68581.51,68516.8,68517.77
1717083240,BTCUSDT,1,68517.77,68531.95,68497.67,68511.59
1717083300,BTCUSDT,1,68511.59,68541.07,68502.28,68522
1717083360,BTCUSDT,1,68522,68557.61,68519.75,68544.5
1717083420,BTCUSDT,1,68544.5,68544.5,68443.47,68470.18
1717083480,BTCUSDT,1,68470.18,68483.62,68454.62,68466.57
1717083540,BTCUSDT,1,68466.57,68485.22,68466.56,68473.41
1717083600,BTCUSDT,1,68473.41,68542.23,68465.32,68540.89
1717083660,BTCUSDT,1,68540.89,68614.32,68540.89,68578.42
1717083720,BTCUSDT,1,68578.42,68603.6,68427.38,68430.18
1717083780,BTCUSDT,1,68430.18,68445.61,68426.6,68426.9
1717083840,BTCUSDT,1,68426.9,68426.96,68396.69,68421.77
1717083900,BTCUSDT,1,68421.77,68488.97,68421.77,68487.54
1717083960,BTCUSDT,1,68487.54,68539.03,68483.84,68516.94
1717084020,BTCUSDT,1,68516.94,68533.39,68491.61,68515.14
1717084080,BTCUSDT,1,68515.14,68547.57,68515.14,68547.57
1717084140,BTCUSDT,1,68547.57,68557.95,68533.41,68557.64
1717084200,BTCUSDT,1,68557.64,68601.85,68556.33,68570.4
1717084260,BTCUSDT,1,68570.4,68602.13,68537.04,68537.1
1717084320,BTCUSDT,1,68537.1,68575.19,68525.41,68561.73
1717084380,BTCUSDT,1,68561.73,68567.35,68549.11,68566.49
1717084440,BTCUSDT,1,68566.49,68567.87,68489.1,68496.51
1717084500,BTCUSDT,1,68496.51,68567.92,68495.94,68567.68
1717084560,BTCUSDT,1,68567.68,68588.38,68564.81,68587.56
1717084620,BTCUSDT,1,68587.56,68587.73,68528.34,68528.34
1717084680,BTCUSDT,1,68528.34,68541.15,68520.56,68541.15
1717084740,BTCUSDT,1,68541.15,68559.78,68511.66,68531.06
1717084800,BTCUSDT,1,68531.06,68590.29,68531.06,68555.32
1717084860,BTCUSDT,1,68555.32,68564.18,68476.76,68480.89
1717084920,BTCUSDT,1,68480.89,68551.76,68480.89,68551.35
1717084980,BTCUSDT,1,68551.35,68566.97,68535.94,68566.4
1717085040,BTCUSDT,1,68566.4,68588.86,68565.66,68585.52
1717085100,BTCUSDT,1,68585.52,68593.75,68558.68,68573.45
1717085160,BTCUSDT,1,68573.45,68595.44,68556.74,68593.3
1717085220,BTCUSDT,1,68593.3,68593.3,68566.4,68585.31
1717085280,BTCUSDT,1,68585.31,68602.55,68567.13,68587.36
1717085340,BTCUSDT,1,68587.36,68587.36,68545.15,68566.47
1717085400,BTCUSDT,1,68566.47,68569.42,68556.39,68565.77
1717085460,BTCUSDT,1,68565.77,68571.3,68493.54,68496.52
1717085520,BTCUSDT,1,68496.52,68500.36,68460.12,68485.37
1717085580,BTCUSDT,1,68485.37,68491.66,68445.33,68446.1
1717085640,BTCUSDT,1,68446.1,68446.21,68412.06,68419.91
1717085700,BTCUSDT,1,68419.91,68454.52,68415.04,68417.4
1717085760,BTCUSDT,1,68417.4,68431.59,68386.97,68401.58
1717085820,BTCUSDT,1,68401.58,68411.37,68393.94,68394.03
1717085880,BTCUSDT,1,68394.03,68423.11,68394,68419.07
1717085940,BTCUSDT,1,68419.07,68444.45,68386.38,68390.73
1717086000,BTCUSDT,1,68390.73,68414.84,68385.28,68414.83
1717086060,BTCUSDT,1,68414.83,68429.69,68414.79,68418.51
1717086120,BTCUSDT,1,68418.51,68428.77,68390.91,68417.49
1717086180,BTCUSDT,1,68417.49,68417.5,68384.24,68384.38
1717086240,BTCUSDT,1,68384.38,68421.67,68383.53,68421.66
1717086300,BTCUSDT,1,68421.66,68503.17,68421.31,68488.83
1717086360,BTCUSDT,1,68488.83,68496.82,68462.31,68465.99
1717086420,BTCUSDT,1,68465.99,68465.99,68444.27,68463.23
1717086480,BTCUSDT,1,68463.23,68463.81,68449.53,68453.93
1717086540,BTCUSDT,1,68453.93,68457.76,68419.87,68426.69
1717086600,BTCUSDT,1,68426.69,68439.27,68419.02,68436.97
1717086660,BTCUSDT,1,68436.97,68467.28,68434.71,68456.71
1717086720,BTCUSDT,1,68456.71,68456.71,68445.13,68447.89
1717086780,BTCUSDT,1,68447.89,68455.84,68441.08,68443.93
1717086840,BTCUSDT,1,68443.93,68444.36,68439.83,68440.85
1717086900,BTCUSDT,1,68440.85,68444.47,68433.18,68433.36
1717086960,BTCUSDT,1,68433.36,68442.38,68422.92,68422.92
1717087020,BTCUSDT,1,68422.92,68475.11,68422.92,68454
1717087080,BTCUSDT,1,68454,68467.5,68453.79,68466.05
1717087140,BTCUSDT,1,68466.05,68488.32,68465.98,68470.65
1717087200,BTCUSDT,1,68470.65,68470.71,68419.21,68419.84
1717087260,BTCUSDT,1,68419.84,68469.12,68401.43,68468.23
1717087320,BTCUSDT,1,68468.23,68474.57,68447.09,68447.46
1717087380,BTCUSDT,1,68447.46,68457.13,68441.41,68445.9
1717087440,BTCUSDT,1,68445.9,68461.64,68441.9,68457.73
1717087500,BTCUSDT,1,68457.73,68503.6,68450.03,68503.47
1717087560,BTCUSDT,1,68503.47,68531.92,68503.24,68519.59
1717087620,BTCUSDT,1,68519.59,68578.12,68519.58,68577.7
1717087680,BTCUSDT,1,68577.7,68586.95,68558.82,68586.95
1717087740,BTCUSDT,1,68586.95,68602.81,68579.55,68601.64
1717087800,BTCUSDT,1,68601.64,68632.79,68598.55,68632.07
1717087860,BTCUSDT,1,68632.07,68632.72,68612.3,68612.33
1717087920,BTCUSDT,1,68612.33,68639.86,68580.29,68627.89
1717087980,BTCUSDT,1,68627.89,68634.65,68614.09,68616.74
1717088040,BTCUSDT,1,68616.74,68634.91,68600.6,68601.18
1717088100,BTCUSDT,1,68601.18,68601.23,68573.03,68579.94
1717088160,BTCUSDT,1,68579.94,68617.73,68576.1,68616.44
1717088220,BTCUSDT,1,68616.44,68616.54,68604.39,68608.19
1717088280,BTCUSDT,1,68608.19,68661.58,68600.83,68657.63
1717088340,BTCUSDT,1,68657.63,68699.66,68650.52,68681.15
1717088400,BTCUSDT,1,68681.15,68705.78,68667.08,68704.59
1717088460,BTCUSDT,1,68704.59,68734.45,68693.05,68704.12
1717088520,BTCUSDT,1,68704.12,68751.63,68704,68741.51
1717088580,BTCUSDT,1,68741.51,68755.95,68683.87,68684.74
1717088640,BTCUSDT,1,68684.74,68708.27,68681.39,68707.57
1717088700,BTCUSDT,1,68707.57,68776.29,68705.63,68762.6
1717088760,BTCUSDT,1,68762.6,68769.42,68749.12,68749.63
1717088820,BTCUSDT,1,68749.63,68792.33,68746.57,68769.74
1717088880,BTCUSDT,1,68769.74,68769.76,68733.18,68739.28
1717088940,BTCUSDT,1,68739.28,68739.36,68700.48,68718.69
1717089000,BTCUSDT,1,68718.69,68741.83,68718.07,68739.65
1717089060,BTCUSDT,1,68739.65,68780.29,68739.65,68779.04
1717089120,BTCUSDT,1,68779.04,68791.06,68769.52,68788.02
1717089180,BTCUSDT,1,68788.02,68801.94,68784.92,68797.15
1717089240,BTCUSDT,1,68797.15,68868.5,68796.84,68868.5
1717089300,BTCUSDT,1,68868.5,68892.02,68863.68,68890.02
1717089360,BTCUSDT,1,68890.02,68918.34,68889.61,68918.34
1717089420,BTCUSDT,1,68918.34,68918.7,68792.8,68792.8
1717089480,BTCUSDT,1,68792.8,68875.74,68780.15,68868.34
1717089540,BTCUSDT,1,68868.34,68868.38,68794.99,68795.45
1717089600,BTCUSDT,1,68795.45,68863.3,68783.87,68854.68
1717089660,BTCUSDT,1,68854.68,68856.47,68818.22,68822.76
1717089720,BTCUSDT,1,68822.76,68932.74,68822.73,68932.74
1717089780,BTCUSDT,1,68932.74,69056.34,68931.54,69012.05
1717089840,BTCUSDT,1,69012.05,69115.23,68999.75,69103.79
1717089900,BTCUSDT,1,69103.79,69125.65,69062.93,69108.02
1717089960,BTCUSDT,1,69108.02,69123.93,69049.55,69066.87
1717090020,BTCUSDT,1,69066.87,69085.34,68996.95,69019.24
1717090080,BTCUSDT,1,69019.24,69043.88,69015.76,69020.73
1717090140,BTCUSDT,1,69020.73,69023.57,69000.4,69017.11
1717090200,BTCUSDT,1,69017.11,69134.74,69017.1,69122.47
1717090260,BTCUSDT,1,69122.47,69134.08,69090.35,69131.66
1717090320,BTCUSDT,1,69131.66,69153.46,69124.37,69146.48
1717090380,BTCUSDT,1,69146.48,69150.01,69129.08,69129.09
1717090440,BTCUSDT,1,69129.09,69148.09,69068.95,69148.08
1717090500,BTCUSDT,1,69148.08,69169.29,69138.55,69168.51
1717090560,BTCUSDT,1,69168.51,69244.69,69165.56,69243.38
1717090620,BTCUSDT,1,69243.38,69295.5,69243.38,69290.64
1717090680,BTCUSDT,1,69290.64,69301.51,69275.75,69279.78
1717090740,BTCUSDT,1,69279.78,69317.37,69251.99,69313.09
1717090800,BTCUSDT,1,69313.09,69395.61,69304.67,69394.94
1717090860,BTCUSDT,1,69394.94,69474.57,69328.97,69457.37
1717090920,BTCUSDT,1,69457.37,69472.04,69348.7,69348.85
1717090980,BTCUSDT,1,69348.85,69371.44,69334.77,69360.29
1717091040,BTCUSDT,1,69360.29,69415.51,69287.68,69414.41
1717091100,BTCUSDT,1,69414.41,69458.9,69321.46,69349.98
1717091160,BTCUSDT,1,69349.98,69393.16,69316.72,69362.61
1717091220,BTCUSDT,1,69362.61,69429.91,69307.35,69425.29
1717091280,BTCUSDT,1,69425.29,69433.95,69383.61,69415.93
1717091340,BTCUSDT,1,69415.93,69424.52,69377.38,69377.79
1717091400,BTCUSDT,1,69377.79,69449.61,69377.7,69437.44
1717091460,BTCUSDT,1,69437.44,69467.14,69426.98,69461.18
1717091520,BTCUSDT,1,69461.18,69498.1,69460.63,69483.46
1717091580,BTCUSDT,1,69483.46,69493.03,69454.15,69455.79
1717091640,BTCUSDT,1,69455.79,69475.88,69433.33,69471.65
1717091700,BTCUSDT,1,69471.65,69506.33,69457.97,69501.75
1717091760,BTCUSDT,1,69501.75,69506.92,69477.15,69477.5
1717091820,BTCUSDT,1,69477.5,69485.13,69453.77,69457.33
1717091880,BTCUSDT,1,69457.33,69457.33,69383.93,69385.71
1717091940,BTCUSDT,1,69385.71,69386.08,69317.67,69317.87
1717092000,BTCUSDT,1,69317.87,69390.21,69317.87,69390.19
1717092060,BTCUSDT,1,69390.19,69422.91,69389.3,69401.04
1717092120,BTCUSDT,1,69401.04,69404.27,69352.13,69352.27
1717092180,BTCUSDT,1,69352.27,69352.28,69313.73,69349.14
1717092240,BTCUSDT,1,69349.14,69349.15,69268.24,69268.46
1717092300,BTCUSDT,1,69268.46,69312.64,69264.11,69306.41
1717092360,BTCUSDT,1,69306.41,69306.42,69225.15,69230.74
1717092420,BTCUSDT,1,69230.74,69267.39,69230.74,69259.75
1717092480,BTCUSDT,1,69259.75,69263.09,69236.09,69258.2
1717092540,BTCUSDT,1,69258.2,69258.2,69214.29,69225.67
1717092600,BTCUSDT,1,69225.67,69226.06,69188.07,69190.75
1717092660,BTCUSDT,1,69190.75,69190.85,69158.19,69171.23
1717092720,BTCUSDT,1,69171.23,69186.5,69158.23,69158.26
1717092780,BTCUSDT,1,69158.26,69186.48,69148.41,69185.28
1717092840,BTCUSDT,1,69185.28,69190.24,69139.11,69140.42
1717092900,BTCUSDT,1,69140.42,69150.09,69127.24,69132.26
1717092960,BTCUSDT,1,69132.26,69132.27,69086.51,69115.78
1717093020,BTCUSDT,1,69115.78,69204.07,69086.06,69200.25
1717093080,BTCUSDT,1,69200.25,69247.24,69192.6,69247.24
1717093140,BTCUSDT,1,69247.24,69299.84,69245.14,69283.26
1717093200,BTCUSDT,1,69283.26,69351.84,69281.83,69350.29
1717093260,BTCUSDT,1,69350.29,69351.7,69235.05,69249.45
1717093320,BTCUSDT,1,69249.45,69341.12,69242.07,69341.12
1717093380,BTCUSDT,1,69341.12,69341.12,69302.95,69316.75
1717093440,BTCUSDT,1,69316.75,69353.79,69314.06,69352.12
1717093500,BTCUSDT,1,69352.12,69388.77,69335.44,69370.66
1717093560,BTCUSDT,1,69370.66,69408.2,69336.34,69390.52
1717093620,BTCUSDT,1,69390.52,69391.34,69327.45,69327.45
1717093680,BTCUSDT,1,69327.45,69341.21,69272.43,69280.82
1717093740,BTCUSDT,1,69280.82,69301.71,69266.03,69287.41
1717093800,BTCUSDT,1,69287.41,69298.43,69277.09,69292.02
1717093860,BTCUSDT,1,69292.02,69330.56,69282.06,69328.71
1717093920,BTCUSDT,1,69328.71,69328.91,69267.55,69267.62
1717093980,BTCUSDT,1,69267.62,69267.62,69250.6,69251.22
1717094040,BTCUSDT,1,69251.22,69254.84,69247.87,69249.69
1717094100,BTCUSDT,1,69249.69,69249.7,69230.71,69236.79
1717094160,BTCUSDT,1,69236.79,69236.79,69192.66,69193.06
1717094220,BTCUSDT,1,69193.06,69194.14,69115.66,69141.72
1717094280,BTCUSDT,1,69141.72,69189.5,69141.22,69180.95
1717094340,BTCUSDT,1,69180.95,69180.95,69144.84,69147.51
1717094400,BTCUSDT,1,69147.51,69205.8,69147.46,69200.44
1717094460,BTCUSDT,1,69200.44,69230.18,69190.48,69198.56
1717094520,BTCUSDT,1,69198.56,69293.54,69198.56,69277.23
1717094580,BTCUSDT,1,69277.23,69319.39,69273.7,69319.35
1717094640,BTCUSDT,1,69319.35,69321.34,69292.26,69292.41
1717094700,BTCUSDT,1,69292.41,69304.43,69271.47,69272.52
1717094760,BTCUSDT,1,69272.52,69274.39,69264.2,69271.04
1717094820,BTCUSDT,1,69271.04,69277.41,69236.96,69253.04
1717094880,BTCUSDT,1,69253.04,69253.04,69221.29,69221.73
1717094940,BTCUSDT,1,69221.73,69243.75,69217.49,69234.2
1717095000,BTCUSDT,1,69234.2,69239.26,69196.96,69232.97
1717095060,BTCUSDT,1,69232.97,69310.2,69231.38,69308.23
1717095120,BTCUSDT,1,69308.23,69325.38,69278.51,69286.41
1717095180,BTCUSDT,1,69286.41,69315.09,69285.35,69293.33
1717095240,BTCUSDT,1,69293.33,69298.19,69286.4,69287.53
1717095300,BTCUSDT,1,69287.53,69360.66,69286.14,69360.04
1717095360,BTCUSDT,1,69360.04,69360.06,69354.36,69357.01
1717095420,BTCUSDT,1,69357.01,69366.21,69349.18,69349.85
1717095480,BTCUSDT,1,69349.85,69370.57,69334.54,69355.77
1717095540,BTCUSDT,1,69355.77,69363.86,69353.16,69363.86
1717095600,BTCUSDT,1,69363.86,69370.52,69301.42,69301.46
1717095660,BTCUSDT,1,69301.46,69331.52,69270.13,69322.56
1717095720,BTCUSDT,1,69322.56,69322.56,69269.68,69271.29
1717095780,BTCUSDT,1,69271.29,69272.01,69246.51,69246.53
1717095840,BTCUSDT,1,69246.53,69263.77,69224.21,69261.1
1717095900,BTCUSDT,1,69261.1,69305.54,69261.07,69300.56
1717095960,BTCUSDT,1,69300.56,69300.56,69258.64,69258.81
1717096020,BTCUSDT,1,69258.81,69262.61,69248.36,69248.36
1717096080,BTCUSDT,1,69248.36,69279.95,69245.22,69268.44
1717096140,BTCUSDT,1,69268.44,69279.56,69267.51,69278.2
1717096200,BTCUSDT,1,69278.2,69278.2,69265.85,69266.76
1717096260,BTCUSDT,1,69266.76,69281.31,69262.47,69265.08
1717096320,BTCUSDT,1,69265.08,69265.12,69239.15,69239.91
1717096380,BTCUSDT,1,69239.91,69239.91,69233.19,69233.38
1717096440,BTCUSDT,1,69233.38,69233.38,69185.3,69209.67
1717096500,BTCUSDT,1,69209.67,69250.15,69207.86,69234.05
1717096560,BTCUSDT,1,69234.05,69235.11,69188.29,69191.76
1717096620,BTCUSDT,1,69191.76,69191.76,69106.9,69131.9
1717096680,BTCUSDT,1,69131.9,69179.69,69112.65,69179.51
1717096740,BTCUSDT,1,69179.51,69183.76,69143.02,69156.84
1717096800,BTCUSDT,1,69156.84,69190.65,69143.69,69189.64
1717096860,BTCUSDT,1,69189.64,69200.9,69170.86,69182.71
1717096920,BTCUSDT,1,69182.71,69207.13,69182.23,69189.83
1717096980,BTCUSDT,1,69189.83,69190.06,69179,69179.01
1717097040,BTCUSDT,1,69179.01,69179.74,69047.13,69050.13
1717097100,BTCUSDT,1,69050.13,69054.31,69028.84,69045.07
1717097160,BTCUSDT,1,69045.07,69057.82,69011.67,69016.28
1717097220,BTCUSDT,1,69016.28,69029.92,68964.98,68974.34
1717097280,BTCUSDT,1,68974.34,69014.97,68900.35,68997.24
1717097340,BTCUSDT,1,68997.24,68997.24,68944.58,68960.49
1717097400,BTCUSDT,1,68960.49,68977.35,68937.08,68962.41
1717097460,BTCUSDT,1,68962.41,68987.31,68939.95,68986.8
1717097520,BTCUSDT,1,68986.8,69061.76,68985.04,69061.76
1717097580,BTCUSDT,1,69061.76,69071.36,69015.3,69017.53
1717097640,BTCUSDT,1,69017.53,69036.15,68994.92,69000.42
1717097700,BTCUSDT,1,69000.42,69000.42,68929.86,68932.97
1717097760,BTCUSDT,1,68932.97,68932.98,68836.63,68866.3
1717097820,BTCUSDT,1,68866.3,68866.54,68659.17,68663.05
1717097880,BTCUSDT,1,68663.05,68707.88,68657.38,68707.7
1717097940,BTCUSDT,1,68707.7,68820.02,68703.18,68791.87
1717098000,BTCUSDT,1,68791.87,68808.2,68737.13,68737.21
1717098060,BTCUSDT,1,68737.21,68751.48,68686.62,68687.09
1717098120,BTCUSDT,1,68687.09,68687.38,68616.39,68651.38
1717098180,BTCUSDT,1,68651.38,68697.54,68646.21,68689.58
1717098240,BTCUSDT,1,68689.58,68732.39,68689.53,68721.37
1717098300,BTCUSDT,1,68721.37,68721.37,68615.3,68624.43
1717098360,BTCUSDT,1,68624.43,68697.88,68622.92,68681.28
1717098420,BTCUSDT,1,68681.28,68707.11,68631.5,68641.05
1717098480,BTCUSDT,1,68641.05,68668.73,68521.86,68521.86
1717098540,BTCUSDT,1,68521.86,68521.86,68451.24,68473.61
1717098600,BTCUSDT,1,68473.61,68503.79,68435.55,68502.85
1717098660,BTCUSDT,1,68502.85,68571.2,68500.55,68569.13
1717098720,BTCUSDT,1,68569.13,68581.19,68547.02,68572.93
1717098780,BTCUSDT,1,68572.93,68580.97,68508.64,68533.97
1717098840,BTCUSDT,1,68533.97,68566.29,68505.02,68564.99
1717098900,BTCUSDT,1,68564.99,68612.03,68564.98,68565.59
1717098960,BTCUSDT,1,68565.59,68568.1,68534.92,68534.93
1717099020,BTCUSDT,1,68534.93,68542.2,68459.22,68483.76
1717099080,BTCUSDT,1,68483.76,68516.91,68483.54,68516.61
1717099140,BTCUSDT,1,68516.61,68670.69,68516.24,68656.75
1717099200,BTCUSDT,1,68656.75,68663.53,68522.32,68529.05
1717099260,BTCUSDT,1,68529.05,68577.65,68516.2,68528.73
1717099320,BTCUSDT,1,68528.73,68529.04,68414.87,68448.79
1717099380,BTCUSDT,1,68448.79,68449.4,68308.58,68319.48
1717099440,BTCUSDT,1,68319.48,68364.87,68271.71,68355.26
1717099500,BTCUSDT,1,68355.26,68400.82,68310.36,68329.26
1717099560,BTCUSDT,1,68329.26,68366.73,68327.81,68335.24
1717099620,BTCUSDT,1,68335.24,68335.24,68205.12,68255.8
1717099680,BTCUSDT,1,68255.8,68269.77,68239.78,68264.24
1717099740,BTCUSDT,1,68264.24,68334.98,68263.92,68315.5
1717099800,BTCUSDT,1,68315.5,68315.69,68053.09,68056.9
1717099860,BTCUSDT,1,68056.9,68138.65,68055.9,68128.89
1717099920,BTCUSDT,1,68128.89,68146.86,68108.43,68113.45
1717099980,BTCUSDT,1,68113.45,68164.51,68113.45,68153.16
1717100040,BTCUSDT,1,68153.16,68188.18,68151.99,68187.65
1717100100,BTCUSDT,1,68187.65,68196.66,68084.31,68084.57
1717100160,BTCUSDT,1,68084.57,68225.82,68064.74,68225.81
1717100220,BTCUSDT,1,68225.81,68269.05,68204.9,68240.2
1717100280,BTCUSDT,1,68240.2,68263.37,68240.2,68257.33
1717100340,BTCUSDT,1,68257.33,68271.05,68256.15,68268.22
1717100400,BTCUSDT,1,68268.22,68275.78,68261.69,68275.75
1717100460,BTCUSDT,1,68275.75,68319.03,68274.87,68318.58
1717100520,BTCUSDT,1,68318.58,68318.58,68300.97,68303.49
1717100580,BTCUSDT,1,68303.49,68344.32,68303.19,68344.07
1717100640,BTCUSDT,1,68344.07,68398.95,68343.74,68398.79
1717100700,BTCUSDT,1,68398.79,68398.79,68362.19,68362.79
1717100760,BTCUSDT,1,68362.79,68428.81,68350.34,68412.01
1717100820,BTCUSDT,1,68412.01,68428.15,68391.39,68427.75
1717100880,BTCUSDT,1,68427.75,68482.48,68427.75,68481.02
1717100940,BTCUSDT,1,68481.02,68485.9,68421.03,68450.79
1717101000,BTCUSDT,1,68450.79,68478.15,68426.13,68477.28
1717101060,BTCUSDT,1,68477.28,68479.32,68439.38,68445.68
1717101120,BTCUSDT,1,68445.68,68449.96,68385.02,68385.15
1717101180,BTCUSDT,1,68385.15,68428.05,68385.15,68427.88
1717101240,BTCUSDT,1,68427.88,68428.11,68406.31,68428.02
1717101300,BTCUSDT,1,68428.02,68428.02,68361.89,68362.5
1717101360,BTCUSDT,1,68362.5,68429.27,68351.64,68429.02
1717101420,BTCUSDT,1,68429.02,68449.9,68421.93,68435.29
1717101480,BTCUSDT,1,68435.29,68459.67,68422.4,68438.56
1717101540,BTCUSDT,1,68438.56,68453.73,68430.18,68453.21
1717101600,BTCUSDT,1,68453.21,68500.44,68453.04,68490.48
1717101660,BTCUSDT,1,68490.48,68503.25,68481.37,68481.82
1717101720,BTCUSDT,1,68481.82,68496.37,68477.76,68486.25
1717101780,BTCUSDT,1,68486.25,68504.84,68485.91,68503.99
1717101840,BTCUSDT,1,68503.99,68515.72,68503.29,68510.12
1717101900,BTCUSDT,1,68510.12,68510.12,68469.67,68488
1717101960,BTCUSDT,1,68488,68488,68433.43,68433.46
1717102020,BTCUSDT,1,68433.46,68480.29,68399.56,68480.29
1717102080,BTCUSDT,1,68480.29,68501.24,68469,68495.58
1717102140,BTCUSDT,1,68495.58,68538.9,68495.58,68537.36
1717102200,BTCUSDT,1,68537.36,68538.16,68453.52,68472.87
1717102260,BTCUSDT,1,68472.87,68480.63,68467.16,68467.93
1717102320,BTCUSDT,1,68467.93,68467.94,68457.43,68458.2
1717102380,BTCUSDT,1,68458.2,68489.71,68458.16,68488.97
1717102440,BTCUSDT,1,68488.97,68500.34,68461.34,68467.38
1717102500,BTCUSDT,1,68467.38,68467.85,68421.11,68432
1717102560,BTCUSDT,1,68432,68441.84,68419.68,68421.16
1717102620,BTCUSDT,1,68421.16,68441.65,68420.97,68437.85
1717102680,BTCUSDT,1,68437.85,68442.46,68430.72,68441.75
1717102740,BTCUSDT,1,68441.75,68475.85,68430.13,68474.61
1717102800,BTCUSDT,1,68474.61,68474.62,68436.98,68438.18
1717102860,BTCUSDT,1,68438.18,68474.18,68437.85,68474.17
1717102920,BTCUSDT,1,68474.17,68492.94,68456.15,68489.28
1717102980,BTCUSDT,1,68489.28,68499.4,68474.91,68478.38
1717103040,BTCUSDT,1,68478.38,68478.38,68465.44,68471.06
1717103100,BTCUSDT,1,68471.06,68472.09,68451.59,68456.2
1717103160,BTCUSDT,1,68456.2,68464.35,68444.73,68445.78
1717103220,BTCUSDT,1,68445.78,68483.97,68429.67,68483.64
1717103280,BTCUSDT,1,68483.64,68483.65,68473.74,68477.15
1717103340,BTCUSDT,1,68477.15,68477.28,68454.19,68468.22
1717103400,BTCUSDT,1,68468.22,68482.12,68440.62,68441.87
1717103460,BTCUSDT,1,68441.87,68450.51,68434.33,68449.16
1717103520,BTCUSDT,1,68449.16,68449.79,68434.06,68435.33
1717103580,BTCUSDT,1,68435.33,68435.34,68428.02,68428.2
1717103640,BTCUSDT,1,68428.2,68428.21,68359.93,68360.13
1717103700,BTCUSDT,1,68360.13,68375.69,68347.75,68375.45
1717103760,BTCUSDT,1,68375.45,68408.21,68363.02,68392.65
1717103820,BTCUSDT,1,68392.65,68394.05,68369.55,68369.6
1717103880,BTCUSDT,1,68369.6,68387.88,68351.26,68387.76
1717103940,BTCUSDT,1,68387.76,68399.49,68387.76,68398.82
1717104000,BTCUSDT,1,68398.82,68399.62,68380.19,68380.64
1717104060,BTCUSDT,1,68380.64,68380.64,68335.54,68335.78
1717104120,BTCUSDT,1,68335.78,68339.74,68326.84,68329.42
1717104180,BTCUSDT,1,68329.42,68329.59,68322.69,68322.88
1717104240,BTCUSDT,1,68322.88,68340.79,68322.87,68340.77
1717104300,BTCUSDT,1,68340.77,68345.98,68340.76,68345.98
1717104360,BTCUSDT,1,68345.98,68350.58,68345.78,68350.33
1717104420,BTCUSDT,1,68350.33,68354.34,68349.52,68351.6
1717104480,BTCUSDT,1,68351.6,68369.77,68350.98,68369.77
1717104540,BTCUSDT,1,68369.77,68375.74,68369.63,68375.74
1717104600,BTCUSDT,1,68375.74,68382.73,68375.39,68382.73
1717104660,BTCUSDT,1,68382.73,68455.33,68382.6,68455.33
1717104720,BTCUSDT,1,68455.33,68523.41,68455.33,68523.41
1717104780,BTCUSDT,1,68523.41,68530.91,68486.71,68498.61
1717104840,BTCUSDT,1,68498.61,68499.76,68453.49,68453.5
1717104900,BTCUSDT,1,68453.5,68453.96,68438.08,68438.08
1717104960,BTCUSDT,1,68438.08,68441.02,68435.89,68440.13
1717105020,BTCUSDT,1,68440.13,68502.6,68440.13,68502.55
1717105080,BTCUSDT,1,68502.55,68506.7,68487.1,68487.1
1717105140,BTCUSDT,1,68487.1,68487.1,68447.57,68447.63
1717105200,BTCUSDT,1,68447.63,68450.22,68444.2,68450.22
1717105260,BTCUSDT,1,68450.22,68451.71,68449.3,68451.67
1717105320,BTCUSDT,1,68451.67,68451.71,68444.23,68445.37
1717105380,BTCUSDT,1,68445.37,68447.33,68419.3,68419.63
1717105440,BTCUSDT,1,68419.63,68419.8,68391.59,68391.71
1717105500,BTCUSDT,1,68391.71,68391.86,68385.13,68385.13
1717105560,BTCUSDT,1,68385.13,68385.14,68358.78,68360.51
1717105620,BTCUSDT,1,68360.51,68362.7,68358.23,68362.07
1717105680,BTCUSDT,1,68362.07,68371.19,68361.86,68371.19
1717105740,BTCUSDT,1,68371.19,68384.66,68371.1,68384.65
1717105800,BTCUSDT,1,68384.65,68402.84,68384.65,68402.82
1717105860,BTCUSDT,1,68402.82,68412.09,68402.81,68412.09
1717105920,BTCUSDT,1,68412.09,68429.53,68412.08,68429.53
1717105980,BTCUSDT,1,68429.53,68452.2,68429.48,68452.2
1717106040,BTCUSDT,1,68452.2,68471.9,68452.19,68471.18
1717106100,BTCUSDT,1,68471.18,68471.8,68425.72,68425.82
1717106160,BTCUSDT,1,68425.82,68425.82,68423.4,68423.69
1717106220,BTCUSDT,1,68423.69,68423.79,68421.97,68423.16
1717106280,BTCUSDT,1,68423.16,68423.16,68417.15,68417.15
1717106340,BTCUSDT,1,68417.15,68417.26,68413.83,68416.96
1717106400,BTCUSDT,1,68416.96,68417.11,68396.92,68411.94
1717106460,BTCUSDT,1,68411.94,68414.9,68373.45,68414
1717106520,BTCUSDT,1,68414,68414,68372.77,68386.3
1717106580,BTCUSDT,1,68386.3,68418.43,68384.77,68418.38
1717106640,BTCUSDT,1,68418.38,68438.14,68392.84,68397.55
1717106700,BTCUSDT,1,68397.55,68404.84,68371.59,68373.8
1717106760,BTCUSDT,1,68373.8,68378.56,68344.8,68358.57
1717106820,BTCUSDT,1,68358.57,68376.03,68356.33,68356.89
1717106880,BTCUSDT,1,68356.89,68356.97,68328.85,68329.31
1717106940,BTCUSDT,1,68329.31,68330.41,68287.84,68291.68
1717107000,BTCUSDT,1,68291.68,68294.15,68264.05,68264.74
1717107060,BTCUSDT,1,68264.74,68278.26,68264.29,68267.32
1717107120,BTCUSDT,1,68267.32,68294.73,68267.24,68288.57
1717107180,BTCUSDT,1,68288.57,68313.29,68288.57,68299.26
1717107240,BTCUSDT,1,68299.26,68299.36,68281.63,68294.7
1717107300,BTCUSDT,1,68294.7,68294.73,68276.9,68278.93
1717107360,BTCUSDT,1,68278.93,68279.12,68241.91,68242.31
1717107420,BTCUSDT,1,68242.31,68270.79,68241.94,68270.79
1717107480,BTCUSDT,1,68270.79,68285.13,68269.61,68285.08
1717107540,BTCUSDT,1,68285.08,68288.92,68278.01,68278.54
1717107600,BTCUSDT,1,68278.54,68285.54,68277.85,68283.29
1717107660,BTCUSDT,1,68283.29,68313.58,68283.28,68303.12
1717107720,BTCUSDT,1,68303.12,68312.67,68292.36,68312.34
1717107780,BTCUSDT,1,68312.34,68319.97,68310.75,68314.1
1717107840,BTCUSDT,1,68314.1,68339.44,68314.1,68337.47
1717107900,BTCUSDT,1,68337.47,68358.27,68336.81,68358.27
1717107960,BTCUSDT,1,68358.27,68358.27,68344.24,68345.45
1717108020,BTCUSDT,1,68345.45,68355.92,68345.44,68354.88
1717108080,BTCUSDT,1,68354.88,68370.08,68354.88,68367.79
1717108140,BTCUSDT,1,68367.79,68368.01,68361.1,68362.08
1717108200,BTCUSDT,1,68362.08,68362.08,68332.82,68355.86
1717108260,BTCUSDT,1,68355.86,68366.89,68347.96,68347.96
1717108320,BTCUSDT,1,68347.96,68347.96,68328,68328.46
1717108380,BTCUSDT,1,68328.46,68329.22,68319.8,68324.64
1717108440,BTCUSDT,1,68324.64,68331.74,68319.11,68319.12
1717108500,BTCUSDT,1,68319.12,68319.25,68300.49,68306.55
1717108560,BTCUSDT,1,68306.55,68309.54,68300.41,68309.53
1717108620,BTCUSDT,1,68309.53,68324.67,68309.05,68321.14
1717108680,BTCUSDT,1,68321.14,68321.16,68317.01,68318.08
1717108740,BTCUSDT,1,68318.08,68318.08,68308.21,68310.39
1717108800,BTCUSDT,1,68310.39,68317.18,68309.64,68317.11
1717108860,BTCUSDT,1,68317.11,68347.81,68316.92,68347.76
1717108920,BTCUSDT,1,68347.76,68372.96,68346.45,68372.96
1717108980,BTCUSDT,1,68372.96,68383.05,68372.96,68374.53
1717109040,BTCUSDT,1,68374.53,68374.53,68356.15,68356.89
1717109100,BTCUSDT,1,68356.89,68383.57,68353.58,68382.41
1717109160,BTCUSDT,1,68382.41,68382.41,68356.08,68356.08
1717109220,BTCUSDT,1,68356.08,68359.39,68356.08,68357.79
1717109280,BTCUSDT,1,68357.79,68359.93,68357.18,68358.79
1717109340,BTCUSDT,1,68358.79,68358.86,68331.45,68333.26
1717109400,BTCUSDT,1,68333.26,68333.98,68325.79,68332.2
1717109460,BTCUSDT,1,68332.2,68334.03,68310.19,68310.19
1717109520,BTCUSDT,1,68310.19,68311.77,68289.2,68311.03
1717109580,BTCUSDT,1,68311.03,68319.6,68310.98,68311.18
1717109640,BTCUSDT,1,68311.18,68312.32,68303.34,68311.86
1717109700,BTCUSDT,1,68311.86,68311.86,68303.83,68305.73
1717109760,BTCUSDT,1,68305.73,68310.12,68305.72,68309.18
1717109820,BTCUSDT,1,68309.18,68310.29,68304.16,68304.21
1717109880,BTCUSDT,1,68304.21,68318.2,68304.08,68315.91
1717109940,BTCUSDT,1,68315.91,68316.77,68313.66,68314.05
1717110000,BTCUSDT,1,68314.05,68314.06,68281.96,68290.63
1717110060,BTCUSDT,1,68290.63,68302.41,68290.63,68301.96
1717110120,BTCUSDT,1,68301.96,68301.96,68280.38,68280.58
1717110180,BTCUSDT,1,68280.58,68294.93,68278.75,68286.15
1717110240,BTCUSDT,1,68286.15,68297.57,68280.03,68281.28
1717110300,BTCUSDT,1,68281.28,68281.28,68278.48,68278.68
1717110360,BTCUSDT,1,68278.68,68282.23,68278.67,68281.89
1717110420,BTCUSDT,1,68281.89,68290.08,68251.43,68262.15
1717110480,BTCUSDT,1,68262.15,68304.47,68261.8,68304.19
1717110540,BTCUSDT,1,68304.19,68315.71,68302.82,68314.6
1717110600,BTCUSDT,1,68314.6,68359.93,68314.6,68358.81
1717110660,BTCUSDT,1,68358.81,68358.81,68349.65,68351.96
1717110720,BTCUSDT,1,68351.96,68378.87,68351.96,68378.87
1717110780,BTCUSDT,1,68378.87,68382.58,68375.36,68382.19
1717110840,BTCUSDT,1,68382.19,68385.97,68382.13,68385.78
1717110900,BTCUSDT,1,68385.78,68396.72,68359.88,68361.07
1717110960,BTCUSDT,1,68361.07,68380.15,68361.06,68378.53
1717111020,BTCUSDT,1,68378.53,68384.77,68378.53,68384.36
1717111080,BTCUSDT,1,68384.36,68384.51,68383.04,68383.05
1717111140,BTCUSDT,1,68383.05,68388.3,68383.03,68388.29
1717111200,BTCUSDT,1,68388.29,68394.42,68385.63,68394.42
1717111260,BTCUSDT,1,68394.42,68445.05,68394.42,68445.05
1717111320,BTCUSDT,1,68445.05,68476.58,68445.04,68476.58
1717111380,BTCUSDT,1,68476.58,68518.48,68475.23,68510.63
1717111440,BTCUSDT,1,68510.63,68510.63,68478.79,68479.2
1717111500,BTCUSDT,1,68479.2,68485.66,68470.2,68482.22
1717111560,BTCUSDT,1,68482.22,68482.22,68469.87,68470.34
1717111620,BTCUSDT,1,68470.34,68474.84,68469.29,68471.47
1717111680,BTCUSDT,1,68471.47,68471.49,68454.36,68454.36
1717111740,BTCUSDT,1,68454.36,68455.36,68448.22,68448.22
1717111800,BTCUSDT,1,68448.22,68448.22,68436.36,68437.88
1717111860,BTCUSDT,1,68437.88,68475.42,68437,68474.92
1717111920,BTCUSDT,1,68474.92,68475.01,68470.11,68474.08
1717111980,BTCUSDT,1,68474.08,68479.03,68473.52,68478.51
1717112040,BTCUSDT,1,68478.51,68478.51,68477.31,68478.19
1717112100,BTCUSDT,1,68478.19,68482.45,68459.83,68459.83
1717112160,BTCUSDT,1,68459.83,68461.37,68459.37,68461.03
1717112220,BTCUSDT,1,68461.03,68461.05,68414.99,68416.43
1717112280,BTCUSDT,1,68416.43,68427.68,68416.43,68425.79
1717112340,BTCUSDT,1,68425.79,68425.8,68397.64,68397.64
1717112400,BTCUSDT,1,68397.64,68402.66,68387.95,68402.54
1717112460,BTCUSDT,1,68402.54,68402.54,68381.98,68384.31
1717112520,BTCUSDT,1,68384.31,68385.21,68364.45,68364.46
1717112580,BTCUSDT,1,68364.46,68369.92,68362.37,68364.33
1717112640,BTCUSDT,1,68364.33,68364.33,68361.71,68363.81
1717112700,BTCUSDT,1,68363.81,68369.29,68363.81,68368.62
1717112760,BTCUSDT,1,68368.62,68368.68,68339.16,68339.36
1717112820,BTCUSDT,1,68339.36,68356.43,68332.76,68334.4
1717112880,BTCUSDT,1,68334.4,68364.58,68334.39,68358.89
1717112940,BTCUSDT,1,68358.89,68361.54,68357.85,68360.76
1717113000,BTCUSDT,1,68360.76,68393.49,68358.52,68391.43
1717113060,BTCUSDT,1,68391.43,68391.44,68388.55,68389.68
1717113120,BTCUSDT,1,68389.68,68389.68,68375.14,68375.64
1717113180,BTCUSDT,1,68375.64,68377.99,68375.02,68377.7
1717113240,BTCUSDT,1,68377.7,68377.89,68376.15,68377.73
1717113300,BTCUSDT,1,68377.73,68386.34,68377.73,68383.36
1717113360,BTCUSDT,1,68383.36,68400.91,68382.85,68400.48
1717113420,BTCUSDT,1,68400.48,68400.48,68393.73,68394.62
1717113480,BTCUSDT,1,68394.62,68394.62,68383.35,68383.65
1717113540,BTCUSDT,1,68383.65,68383.66,68351.17,68353.76