1717027200,BTCUSD,1,67571.94,67577.1,67549.67,67573.27
1717027260,BTCUSD,1,67573.27,67596.23,67570.71,67587.31
1717027320,BTCUSD,1,67587.31,67624.18,67569.44,67624.18
1717027380,BTCUSD,1,67624.18,67649.0,67621.09,67622.12
1717027440,BTCUSD,1,67622.12,67650.62,67622.01,67650.62
1717027500,BTCUSD,1,67650.62,67676.89,67638.93,67676.89
1717027560,BTCUSD,1,67676.89,67694.33,67672.19,67694.33
1717027620,BTCUSD,1,67694.33,67715.9,67679.51,67685.81
1717027680,BTCUSD,1,67685.81,67700.26,67679.17,67679.17
1717027740,BTCUSD,1,67679.17,67694.1,67654.6,67687.02
1717027800,BTCUSD,1,67687.02,67704.73,67685.09,67685.09
1717027860,BTCUSD,1,67685.09,67685.09,67678.96,67678.96
1717027920,BTCUSD,1,67678.96,67683.48,67667.52,67675.13
1717027980,BTCUSD,1,67675.13,67676.63,67658.01,67663.6
1717028040,BTCUSD,1,67663.6,67687.87,67663.59,67680.85
1717028100,BTCUSD,1,67680.85,67748.07,67680.69,67748.07
1717028160,BTCUSD,1,67748.07,67770.07,67742.2,67753.5
1717028220,BTCUSD,1,67753.5,67753.5,67707.85,67732.58
1717028280,BTCUSD,1,67732.58,67759.2,67728.06,67748.8
1717028340,BTCUSD,1,67748.8,67748.81,67702.69,67702.98
1717028400,BTCUSD,1,67702.98,67720.41,67689.92,67690.13
1717028460,BTCUSD,1,67690.13,67725.0,67685.22,67718.15
1717028520,BTCUSD,1,67718.15,67734.76,67715.44,67732.28
1717028580,BTCUSD,1,67732.28,67732.33,67680.56,67680.56
1717028640,BTCUSD,1,67680.56,67680.56,67652.76,67667.48
1717028700,BTCUSD,1,67667.48,67667.68,67655.19,67661.04
1717028760,BTCUSD,1,67661.04,67661.04,67652.65,67652.96
1717028820,BTCUSD,1,67652.96,67652.96,67632.04,67632.42
1717028880,BTCUSD,1,67632.42,67642.03,67628.82,67630.37
1717028940,BTCUSD,1,67630.37,67673.76,67630.07,67668.78
1717029000,BTCUSD,1,67668.78,67668.78,67643.69,67651.38
1717029060,BTCUSD,1,67651.38,67658.6,67649.86,67654.37
1717029120,BTCUSD,1,67654.37,67657.25,67641.71,67641.72
1717029180,BTCUSD,1,67641.72,67653.61,67628.42,67630.3
1717029240,BTCUSD,1,67630.3,67656.81,67630.3,67634.49
1717029300,BTCUSD,1,67634.49,67634.49,67628.11,67628.12
1717029360,BTCUSD,1,67628.12,67639.13,67611.84,67612.07
1717029420,BTCUSD,1,67612.07,67612.07,67587.52,67600.64
1717029480,BTCUSD,1,67600.64,67635.91,67600.52,67626.39
1717029540,BTCUSD,1,67626.39,67643.11,67611.81,67629.18
1717029600,BTCUSD,1,67629.18,67634.67,67588.33,67605.77
1717029660,BTCUSD,1,67605.77,67633.87,67603.7,67619.93
1717029720,BTCUSD,1,67619.93,67619.93,67605.58,67608.26
1717029780,BTCUSD,1,67608.26,67638.83,67603.77,67636.91
1717029840,BTCUSD,1,67636.91,67665.4,67634.27,67653.78
1717029900,BTCUSD,1,67653.78,67663.74,67631.53,67653.5
1717029960,BTCUSD,1,67653.5,67700.95,67649.19,67699.05
1717030020,BTCUSD,1,67699.05,67711.92,67682.16,67682.16
1717030080,BTCUSD,1,67682.16,67694.39,67679.41,67679.41
1717030140,BTCUSD,1,67679.41,67686.01,67666.63,67673.62
1717030200,BTCUSD,1,67673.62,67673.63,67645.38,67652.6
1717030260,BTCUSD,1,67652.6,67652.6,67614.3,67614.3
1717030320,BTCUSD,1,67614.3,67614.3,67586.63,67586.84
1717030380,BTCUSD,1,67586.84,67600.05,67554.55,67554.55
1717030440,BTCUSD,1,67554.55,67554.55,67491.58,67504.22
1717030500,BTCUSD,1,67504.22,67543.45,67492.65,67541.19
1717030560,BTCUSD,1,67541.19,67541.19,67515.06,67517.95
1717030620,BTCUSD,1,67517.95,67518.64,67491.19,67491.19
1717030680,BTCUSD,1,67491.19,67520.21,67491.19,67515.02
1717030740,BTCUSD,1,67515.02,67530.31,67512.38,67519.56
1717030800,BTCUSD,1,67519.56,67534.48,67507.74,67514.51
1717030860,BTCUSD,1,67514.51,67532.32,67479.25,67480.56
1717030920,BTCUSD,1,67480.56,67480.56,67429.42,67429.42
1717030980,BTCUSD,1,67429.42,67446.53,67413.66,67446.53
1717031040,BTCUSD,1,67446.53,67460.83,67439.46,67460.83
1717031100,BTCUSD,1,67460.83,67475.58,67450.54,67467.51
1717031160,BTCUSD,1,67467.51,67492.39,67461.19,67479.02
1717031220,BTCUSD,1,67479.02,67479.02,67441.56,67464.55
1717031280,BTCUSD,1,67464.55,67498.62,67464.55,67476.0
1717031340,BTCUSD,1,67476.0,67493.27,67465.73,67486.85
1717031400,BTCUSD,1,67486.85,67552.49,67486.85,67552.49
1717031460,BTCUSD,1,67552.49,67600.75,67547.72,67577.06
1717031520,BTCUSD,1,67577.06,67636.05,67575.45,67633.0
1717031580,BTCUSD,1,67633.0,67658.8,67627.35,67656.44
1717031640,BTCUSD,1,67656.44,67666.07,67638.64,67638.64
1717031700,BTCUSD,1,67638.64,67650.85,67627.46,67638.71
1717031760,BTCUSD,1,67638.71,67638.71,67582.01,67630.07
1717031820,BTCUSD,1,67630.07,67639.64,67590.89,67594.51
1717031880,BTCUSD,1,67594.51,67617.17,67584.1,67615.69
1717031940,BTCUSD,1,67615.69,67616.55,67603.76,67605.91
1717032000,BTCUSD,1,67605.91,67625.1,67605.91,67619.48
1717032060,BTCUSD,1,67619.48,67623.66,67617.45,67621.94
1717032120,BTCUSD,1,67621.94,67627.09,67560.17,67560.17
1717032180,BTCUSD,1,67560.17,67566.86,67544.79,67544.79
1717032240,BTCUSD,1,67544.79,67590.51,67536.3,67581.3
1717032300,BTCUSD,1,67581.3,67601.04,67577.19,67592.46
1717032360,BTCUSD,1,67592.46,67601.1,67558.09,67561.12
1717032420,BTCUSD,1,67561.12,67563.85,67544.07,67549.32
1717032480,BTCUSD,1,67549.32,67593.03,67543.72,67590.76
1717032540,BTCUSD,1,67590.76,67590.76,67548.36,67580.75
1717032600,BTCUSD,1,67580.75,67586.86,67560.74,67566.14
1717032660,BTCUSD,1,67566.14,67589.67,67565.85,67573.41
1717032720,BTCUSD,1,67573.41,67601.48,67568.9,67600.26
1717032780,BTCUSD,1,67600.26,67609.67,67589.17,67606.04
1717032840,BTCUSD,1,67606.04,67606.04,67595.25,67602.53
1717032900,BTCUSD,1,67602.53,67614.71,67596.95,67600.42
1717032960,BTCUSD,1,67600.42,67613.13,67600.41,67607.44
1717033020,BTCUSD,1,67607.44,67642.54,67599.33,67640.74
1717033080,BTCUSD,1,67640.74,67673.62,67640.74,67663.87
1717033140,BTCUSD,1,67663.87,67668.56,67658.65,67662.66
1717033200,BTCUSD,1,67662.66,67677.77,67662.54,67670.96
1717033260,BTCUSD,1,67670.96,67670.96,67628.58,67641.15
1717033320,BTCUSD,1,67641.15,67673.11,67641.15,67665.28
1717033380,BTCUSD,1,67665.28,67677.33,67664.08,67670.24
1717033440,BTCUSD,1,67670.24,67680.75,67670.23,67679.41
1717033500,BTCUSD,1,67679.41,67683.69,67670.84,67673.94
1717033560,BTCUSD,1,67673.94,67673.94,67640.15,67641.56
1717033620,BTCUSD,1,67641.56,67674.02,67641.56,67671.05
1717033680,BTCUSD,1,67671.05,67690.04,67666.21,67690.04
1717033740,BTCUSD,1,67690.04,67781.04,67689.28,67765.06
1717033800,BTCUSD,1,67765.06,67786.6,67728.01,67730.33
1717033860,BTCUSD,1,67730.33,67754.09,67708.64,67748.21
1717033920,BTCUSD,1,67748.21,67749.04,67718.8,67724.99
1717033980,BTCUSD,1,67724.99,67729.64,67691.4,67697.59
1717034040,BTCUSD,1,67697.59,67713.27,67693.47,67712.53
1717034100,BTCUSD,1,67712.53,67713.32,67686.05,67690.2
1717034160,BTCUSD,1,67690.2,67696.23,67683.82,67689.27
1717034220,BTCUSD,1,67689.27,67703.27,67687.85,67690.54
1717034280,BTCUSD,1,67690.54,67723.75,67689.48,67720.28
1717034340,BTCUSD,1,67720.28,67731.14,67716.44,67721.7
1717034400,BTCUSD,1,67721.7,67735.74,67719.14,67735.74
1717034460,BTCUSD,1,67735.74,67739.87,67698.8,67738.7
1717034520,BTCUSD,1,67738.7,67766.24,67738.3,67763.57
1717034580,BTCUSD,1,67763.57,67777.08,67762.6,67776.45
1717034640,BTCUSD,1,67776.45,67777.97,67757.83,67774.74
1717034700,BTCUSD,1,67774.74,67875.88,67774.64,67867.32
1717034760,BTCUSD,1,67867.32,67880.03,67790.36,67819.67
1717034820,BTCUSD,1,67819.67,67834.43,67807.19,67827.46
1717034880,BTCUSD,1,67827.46,67863.98,67825.7,67863.24
1717034940,BTCUSD,1,67863.24,67879.66,67836.69,67837.89
1717035000,BTCUSD,1,67837.89,67837.89,67821.32,67823.1
1717035060,BTCUSD,1,67823.1,67830.69,67807.15,67807.16
1717035120,BTCUSD,1,67807.16,67819.81,67798.75,67815.37
1717035180,BTCUSD,1,67815.37,67820.27,67805.52,67812.53
1717035240,BTCUSD,1,67812.53,67812.53,67799.63,67806.46
1717035300,BTCUSD,1,67806.46,67838.78,67805.03,67838.78
1717035360,BTCUSD,1,67838.78,67897.65,67834.63,67896.53
1717035420,BTCUSD,1,67896.53,67940.31,67893.63,67937.22
1717035480,BTCUSD,1,67937.22,67956.81,67921.62,67936.05
1717035540,BTCUSD,1,67936.05,67939.71,67908.62,67929.69
1717035600,BTCUSD,1,67929.69,67958.91,67922.56,67958.91
1717035660,BTCUSD,1,67958.91,67968.09,67939.65,67941.17
1717035720,BTCUSD,1,67941.17,67971.65,67925.02,67971.62
1717035780,BTCUSD,1,67971.62,67971.62,67945.79,67962.78
1717035840,BTCUSD,1,67962.78,68014.08,67939.8,68009.36
1717035900,BTCUSD,1,68009.36,68019.37,67981.11,67983.96
1717035960,BTCUSD,1,67983.96,67987.89,67950.5,67976.45
1717036020,BTCUSD,1,67976.45,68027.47,67974.37,68017.62
1717036080,BTCUSD,1,68017.62,68038.13,68015.53,68035.47
1717036140,BTCUSD,1,68035.47,68038.12,68025.95,68036.85
1717036200,BTCUSD,1,68036.85,68090.98,68003.71,68081.07
1717036260,BTCUSD,1,68081.07,68127.01,68036.17,68118.26
1717036320,BTCUSD,1,68118.26,68133.06,68090.34,68090.45
1717036380,BTCUSD,1,68090.45,68090.45,68008.18,68040.46
1717036440,BTCUSD,1,68040.46,68074.73,68033.66,68062.69
1717036500,BTCUSD,1,68062.69,68069.66,68028.89,68028.89
1717036560,BTCUSD,1,68028.89,68032.31,67995.77,68020.5
1717036620,BTCUSD,1,68020.5,68068.89,68014.19,68027.68
1717036680,BTCUSD,1,68027.68,68064.71,68009.8,68053.66
1717036740,BTCUSD,1,68053.66,68060.97,68029.29,68037.92
1717036800,BTCUSD,1,68037.92,68037.95,67984.13,67985.97
1717036860,BTCUSD,1,67985.97,68019.81,67968.07,68018.18
1717036920,BTCUSD,1,68018.18,68018.37,67982.84,67984.8
1717036980,BTCUSD,1,67984.8,67990.67,67972.75,67990.67
1717037040,BTCUSD,1,67990.67,67995.38,67985.6,67995.38
1717037100,BTCUSD,1,67995.38,68008.71,67955.23,67955.23
1717037160,BTCUSD,1,67955.23,67962.59,67909.97,67939.83
1717037220,BTCUSD,1,67939.83,67942.13,67906.13,67911.99
1717037280,BTCUSD,1,67911.99,67980.59,67911.99,67979.01
1717037340,BTCUSD,1,67979.01,67983.5,67942.65,67946.81
1717037400,BTCUSD,1,67946.81,67969.45,67943.68,67957.15
1717037460,BTCUSD,1,67957.15,67967.17,67944.67,67960.1
1717037520,BTCUSD,1,67960.1,67960.1,67924.46,67927.97
1717037580,BTCUSD,1,67927.97,67937.32,67916.37,67922.41
1717037640,BTCUSD,1,67922.41,67941.79,67916.47,67932.72
1717037700,BTCUSD,1,67932.72,67950.24,67930.57,67942.24
1717037760,BTCUSD,1,67942.24,67942.24,67919.22,67919.23
1717037820,BTCUSD,1,67919.23,67919.23,67882.46,67897.46
1717037880,BTCUSD,1,67897.46,67897.46,67878.65,67889.38
1717037940,BTCUSD,1,67889.38,67889.81,67870.81,67872.99
1717038000,BTCUSD,1,67872.99,67881.24,67862.82,67868.67
1717038060,BTCUSD,1,67868.67,67898.57,67868.67,67898.06
1717038120,BTCUSD,1,67898.06,67911.22,67870.2,67880.05
1717038180,BTCUSD,1,67880.05,67939.65,67880.05,67934.8
1717038240,BTCUSD,1,67934.8,67939.78,67925.89,67925.89
1717038300,BTCUSD,1,67925.89,67925.89,67904.23,67904.27
1717038360,BTCUSD,1,67904.27,67906.52,67894.25,67894.74
1717038420,BTCUSD,1,67894.74,67905.44,67887.36,67900.14
1717038480,BTCUSD,1,67900.14,67903.63,67864.61,67867.75
1717038540,BTCUSD,1,67867.75,67867.75,67853.75,67855.78
1717038600,BTCUSD,1,67855.78,67864.91,67849.12,67850.69
1717038660,BTCUSD,1,67850.69,67857.83,67848.61,67853.16
1717038720,BTCUSD,1,67853.16,67872.44,67853.12,67872.44
1717038780,BTCUSD,1,67872.44,67895.64,67872.44,67895.64
1717038840,BTCUSD,1,67895.64,67902.49,67880.4,67880.4
1717038900,BTCUSD,1,67880.4,67902.5,67878.48,67897.24
1717038960,BTCUSD,1,67897.24,67899.13,67879.39,67881.55
1717039020,BTCUSD,1,67881.55,67887.29,67875.65,67887.29
1717039080,BTCUSD,1,67887.29,67928.05,67887.29,67926.27
1717039140,BTCUSD,1,67926.27,67945.4,67922.09,67922.77
1717039200,BTCUSD,1,67922.77,67946.36,67919.92,67945.05
1717039260,BTCUSD,1,67945.05,67965.5,67944.87,67949.3
1717039320,BTCUSD,1,67949.3,67952.78,67930.83,67935.89
1717039380,BTCUSD,1,67935.89,67935.89,67914.22,67915.48
1717039440,BTCUSD,1,67915.48,67946.33,67914.08,67941.77
1717039500,BTCUSD,1,67941.77,67941.77,67922.65,67935.01
1717039560,BTCUSD,1,67935.01,67936.26,67921.53,67922.08
1717039620,BTCUSD,1,67922.08,67963.85,67921.75,67958.91
1717039680,BTCUSD,1,67958.91,67964.14,67950.8,67952.43
1717039740,BTCUSD,1,67952.43,67954.84,67931.41,67933.8
1717039800,BTCUSD,1,67933.8,67991.6,67933.8,67988.11
1717039860,BTCUSD,1,67988.11,68024.22,67947.23,67948.9
1717039920,BTCUSD,1,67948.9,67949.42,67932.38,67932.39
1717039980,BTCUSD,1,67932.39,67934.44,67924.95,67932.34
1717040040,BTCUSD,1,67932.34,67973.69,67932.34,67961.18
1717040100,BTCUSD,1,67961.18,67986.81,67958.86,67973.86
1717040160,BTCUSD,1,67973.86,67990.37,67970.68,67980.31
1717040220,BTCUSD,1,67980.31,67983.49,67954.76,67967.6
1717040280,BTCUSD,1,67967.6,67980.47,67961.45,67980.47
1717040340,BTCUSD,1,67980.47,67998.15,67980.32,67997.98
1717040400,BTCUSD,1,67997.98,68003.39,67974.08,67980.65
1717040460,BTCUSD,1,67980.65,67983.62,67968.68,67968.68
1717040520,BTCUSD,1,67968.68,67978.04,67967.6,67975.55
1717040580,BTCUSD,1,67975.55,67977.03,67970.4,67974.33
1717040640,BTCUSD,1,67974.33,67978.99,67955.12,67955.31
1717040700,BTCUSD,1,67955.31,67978.97,67951.63,67978.96
1717040760,BTCUSD,1,67978.96,67987.19,67970.87,67976.16
1717040820,BTCUSD,1,67976.16,67976.95,67966.15,67972.38
1717040880,BTCUSD,1,67972.38,67988.76,67971.79,67988.76
1717040940,BTCUSD,1,67988.76,68022.65,67988.76,68022.65
1717041000,BTCUSD,1,68022.65,68115.65,68022.64,68090.59
1717041060,BTCUSD,1,68090.59,68105.97,68070.52,68070.52
1717041120,BTCUSD,1,68070.52,68070.74,68030.58,68036.71
1717041180,BTCUSD,1,68036.71,68065.11,68030.97,68048.3
1717041240,BTCUSD,1,68048.3,68065.76,68048.09,68058.16
1717041300,BTCUSD,1,68058.16,68076.42,68051.71,68073.78
1717041360,BTCUSD,1,68073.78,68092.02,68071.56,68087.04
1717041420,BTCUSD,1,68087.04,68089.06,68059.47,68059.72
1717041480,BTCUSD,1,68059.72,68062.49,68015.79,68018.03
1717041540,BTCUSD,1,68018.03,68052.79,68015.79,68052.79
1717041600,BTCUSD,1,68052.79,68069.46,68052.79,68064.18
1717041660,BTCUSD,1,68064.18,68064.18,68022.55,68035.14
1717041720,BTCUSD,1,68035.14,68037.38,68004.0,68023.04
1717041780,BTCUSD,1,68023.04,68028.36,68009.21,68011.1
1717041840,BTCUSD,1,68011.1,68012.2,67993.01,67994.07
1717041900,BTCUSD,1,67994.07,67994.54,67975.71,67975.71
1717041960,BTCUSD,1,67975.71,68019.47,67974.47,68017.98
1717042020,BTCUSD,1,68017.98,68022.31,68003.81,68016.75
1717042080,BTCUSD,1,68016.75,68017.77,67928.44,67939.0
1717042140,BTCUSD,1,67939.0,67940.19,67926.47,67933.65
1717042200,BTCUSD,1,67933.65,67941.43,67912.7,67920.37
1717042260,BTCUSD,1,67920.37,67962.43,67920.37,67962.43
1717042320,BTCUSD,1,67962.43,67964.22,67961.43,67963.4
1717042380,BTCUSD,1,67963.4,67983.53,67962.93,67980.23
1717042440,BTCUSD,1,67980.23,67980.23,67972.09,67972.1
1717042500,BTCUSD,1,67972.1,68001.74,67971.82,68001.36
1717042560,BTCUSD,1,68001.36,68011.32,67991.75,68006.88
1717042620,BTCUSD,1,68006.88,68024.02,68006.55,68015.93
1717042680,BTCUSD,1,68015.93,68020.63,68015.75,68020.01
1717042740,BTCUSD,1,68020.01,68072.73,68020.01,68072.73
1717042800,BTCUSD,1,68072.73,68136.48,68072.73,68129.11
1717042860,BTCUSD,1,68129.11,68129.11,68070.82,68089.45
1717042920,BTCUSD,1,68089.45,68104.79,68083.2,68102.18
1717042980,BTCUSD,1,68102.18,68102.19,68077.97,68080.26
1717043040,BTCUSD,1,68080.26,68092.11,68080.26,68091.35
1717043100,BTCUSD,1,68091.35,68116.35,68081.39,68112.4
1717043160,BTCUSD,1,68112.4,68120.88,68103.95,68111.32
1717043220,BTCUSD,1,68111.32,68119.55,68106.18,68119.55
1717043280,BTCUSD,1,68119.55,68161.51,68119.54,68161.23
1717043340,BTCUSD,1,68161.23,68177.78,68154.88,68159.74
1717043400,BTCUSD,1,68159.74,68189.93,68159.21,68188.98
1717043460,BTCUSD,1,68188.98,68196.14,68174.48,68195.79
1717043520,BTCUSD,1,68195.79,68321.93,68195.79,68320.99
1717043580,BTCUSD,1,68320.99,68357.41,68314.11,68335.84
1717043640,BTCUSD,1,68335.84,68354.23,68304.07,68323.25
1717043700,BTCUSD,1,68323.25,68323.25,68256.1,68257.02
1717043760,BTCUSD,1,68257.02,68278.46,68246.81,68262.11
1717043820,BTCUSD,1,68262.11,68262.11,68238.38,68239.16
1717043880,BTCUSD,1,68239.16,68253.38,68239.16,68249.71
1717043940,BTCUSD,1,68249.71,68249.71,68222.39,68224.57
1717044000,BTCUSD,1,68224.57,68225.92,68208.08,68210.19
1717044060,BTCUSD,1,68210.19,68210.19,68120.05,68120.05
1717044120,BTCUSD,1,68120.05,68131.96,68085.08,68121.97
1717044180,BTCUSD,1,68121.97,68143.51,68121.56,68132.47
1717044240,BTCUSD,1,68132.47,68169.43,68132.18,68159.06
1717044300,BTCUSD,1,68159.06,68159.06,68142.32,68142.55
1717044360,BTCUSD,1,68142.55,68142.55,68113.92,68113.95
1717044420,BTCUSD,1,68113.95,68113.95,68091.99,68101.45
1717044480,BTCUSD,1,68101.45,68137.21,68101.45,68134.4
1717044540,BTCUSD,1,68134.4,68134.48,68103.91,68112.03
1717044600,BTCUSD,1,68112.03,68126.8,68111.29,68116.59
1717044660,BTCUSD,1,68116.59,68125.24,68108.78,68123.19
1717044720,BTCUSD,1,68123.19,68129.53,68110.01,68110.02
1717044780,BTCUSD,1,68110.02,68112.85,68075.58,68075.59
1717044840,BTCUSD,1,68075.59,68106.85,68068.2,68089.13
1717044900,BTCUSD,1,68089.13,68092.04,68072.9,68083.38
1717044960,BTCUSD,1,68083.38,68083.38,68068.76,68068.76
1717045020,BTCUSD,1,68068.76,68078.89,68067.72,68077.83
1717045080,BTCUSD,1,68077.83,68104.18,68070.72,68104.17
1717045140,BTCUSD,1,68104.17,68106.76,68102.53,68106.01
1717045200,BTCUSD,1,68106.01,68109.42,68065.9,68069.54
1717045260,BTCUSD,1,68069.54,68133.37,68069.54,68129.4
1717045320,BTCUSD,1,68129.4,68129.41,68086.68,68089.8
1717045380,BTCUSD,1,68089.8,68094.8,68079.81,68079.81
1717045440,BTCUSD,1,68079.81,68085.16,68007.57,68032.86
1717045500,BTCUSD,1,68032.86,68050.97,68017.24,68017.65
1717045560,BTCUSD,1,68017.65,68028.79,68004.06,68028.79
1717045620,BTCUSD,1,68028.79,68037.43,68017.2,68037.21
1717045680,BTCUSD,1,68037.21,68040.47,68022.28,68022.29
1717045740,BTCUSD,1,68022.29,68023.68,67985.27,68023.68
1717045800,BTCUSD,1,68023.68,68025.6,67982.61,68024.54
1717045860,BTCUSD,1,68024.54,68029.33,68017.95,68020.42
1717045920,BTCUSD,1,68020.42,68024.21,68011.99,68021.47
1717045980,BTCUSD,1,68021.47,68027.53,68007.34,68008.91
1717046040,BTCUSD,1,68008.91,68009.48,67977.73,67990.86
1717046100,BTCUSD,1,67990.86,68007.8,67972.37,67972.38
1717046160,BTCUSD,1,67972.38,67980.0,67956.09,67974.37
1717046220,BTCUSD,1,67974.37,68012.11,67914.34,68012.11
1717046280,BTCUSD,1,68012.11,68022.07,67985.78,68021.63
1717046340,BTCUSD,1,68021.63,68022.0,68007.83,68014.07
1717046400,BTCUSD,1,68014.07,68021.55,67999.41,68008.4
1717046460,BTCUSD,1,68008.4,68037.17,68008.4,68034.71
1717046520,BTCUSD,1,68034.71,68039.82,68028.11,68030.72
1717046580,BTCUSD,1,68030.72,68037.12,68023.0,68023.65
1717046640,BTCUSD,1,68023.65,68039.56,68004.09,68037.68
1717046700,BTCUSD,1,68037.68,68057.32,68033.44,68055.7
1717046760,BTCUSD,1,68055.7,68055.89,68040.65,68054.6
1717046820,BTCUSD,1,68054.6,68056.09,68043.52,68046.94
1717046880,BTCUSD,1,68046.94,68049.21,68024.21,68036.35
1717046940,BTCUSD,1,68036.35,68054.21,68033.07,68051.61
1717047000,BTCUSD,1,68051.61,68056.33,68037.81,68041.63
1717047060,BTCUSD,1,68041.63,68049.56,68031.67,68034.98
1717047120,BTCUSD,1,68034.98,68036.06,68021.94,68021.95
1717047180,BTCUSD,1,68021.95,68036.92,68012.15,68036.46
1717047240,BTCUSD,1,68036.46,68048.57,68036.2,68047.09
1717047300,BTCUSD,1,68047.09,68058.55,68047.08,68056.58
1717047360,BTCUSD,1,68056.58,68062.02,68044.73,68045.27
1717047420,BTCUSD,1,68045.27,68060.51,68045.26,68058.78
1717047480,BTCUSD,1,68058.78,68067.38,68055.62,68056.35
1717047540,BTCUSD,1,68056.35,68056.36,68046.52,68046.71
1717047600,BTCUSD,1,68046.71,68048.84,68046.52,68046.62
1717047660,BTCUSD,1,68046.62,68048.9,68046.11,68047.56
1717047720,BTCUSD,1,68047.56,68065.54,68045.79,68064.72
1717047780,BTCUSD,1,68064.72,68075.5,68061.05,68061.07
1717047840,BTCUSD,1,68061.07,68076.01,68051.83,68051.86
1717047900,BTCUSD,1,68051.86,68079.25,68050.81,68078.07
1717047960,BTCUSD,1,68078.07,68097.78,68078.07,68094.82
1717048020,BTCUSD,1,68094.82,68096.64,68081.7,68085.23
1717048080,BTCUSD,1,68085.23,68094.87,68082.62,68082.63
1717048140,BTCUSD,1,68082.63,68082.63,68049.94,68049.94
1717048200,BTCUSD,1,68049.94,68068.3,68049.49,68067.14
1717048260,BTCUSD,1,68067.14,68079.47,68067.14,68079.47
1717048320,BTCUSD,1,68079.47,68096.2,68079.47,68083.2
1717048380,BTCUSD,1,68083.2,68089.97,68083.2,68083.6
1717048440,BTCUSD,1,68083.6,68083.6,68055.35,68070.04
1717048500,BTCUSD,1,68070.04,68084.23,68067.21,68079.65
1717048560,BTCUSD,1,68079.65,68083.39,68071.05,68079.79
1717048620,BTCUSD,1,68079.79,68080.59,68057.4,68062.07
1717048680,BTCUSD,1,68062.07,68082.79,68061.57,68081.95
1717048740,BTCUSD,1,68081.95,68092.21,68081.95,68091.99
1717048800,BTCUSD,1,68091.99,68104.98,68084.7,68103.38
1717048860,BTCUSD,1,68103.38,68137.6,68048.41,68089.68
1717048920,BTCUSD,1,68089.68,68098.35,68074.0,68074.0
1717048980,BTCUSD,1,68074.0,68075.79,68060.07,68061.36
1717049040,BTCUSD,1,68061.36,68064.09,68047.8,68052.54
1717049100,BTCUSD,1,68052.54,68052.54,67934.68,67950.5
1717049160,BTCUSD,1,67950.5,67964.61,67891.73,67918.2
1717049220,BTCUSD,1,67918.2,67932.45,67895.94,67927.59
1717049280,BTCUSD,1,67927.59,67927.59,67883.46,67914.28
1717049340,BTCUSD,1,67914.28,67914.9,67874.59,67900.12
1717049400,BTCUSD,1,67900.12,67910.14,67867.79,67906.69
1717049460,BTCUSD,1,67906.69,67921.79,67903.39,67905.05
1717049520,BTCUSD,1,67905.05,67945.72,67905.05,67945.38
1717049580,BTCUSD,1,67945.38,67949.7,67927.79,67933.93
1717049640,BTCUSD,1,67933.93,67934.01,67897.72,67909.94
1717049700,BTCUSD,1,67909.94,67936.97,67909.94,67933.12
1717049760,BTCUSD,1,67933.12,67949.7,67919.49,67949.7
1717049820,BTCUSD,1,67949.7,67965.96,67949.7,67961.48
1717049880,BTCUSD,1,67961.48,67980.14,67960.95,67972.81
1717049940,BTCUSD,1,67972.81,67972.81,67936.8,67945.89
1717050000,BTCUSD,1,67945.89,67949.05,67891.32,67917.6
1717050060,BTCUSD,1,67917.6,67944.0,67900.69,67913.65
1717050120,BTCUSD,1,67913.65,67958.8,67909.08,67909.25
1717050180,BTCUSD,1,67909.25,67913.45,67758.3,67775.59
1717050240,BTCUSD,1,67775.59,67823.83,67771.46,67786.88
1717050300,BTCUSD,1,67786.88,67836.48,67765.53,67832.36
1717050360,BTCUSD,1,67832.36,67879.97,67832.36,67864.08
1717050420,BTCUSD,1,67864.08,67879.96,67864.08,67877.81
1717050480,BTCUSD,1,67877.81,67885.28,67873.57,67882.12
1717050540,BTCUSD,1,67882.12,67889.05,67835.71,67888.33
1717050600,BTCUSD,1,67888.33,67890.52,67837.1,67837.1
1717050660,BTCUSD,1,67837.1,67843.23,67799.28,67823.91
1717050720,BTCUSD,1,67823.91,67847.46,67797.33,67837.6
1717050780,BTCUSD,1,67837.6,67837.6,67795.56,67805.56
1717050840,BTCUSD,1,67805.56,67805.56,67744.08,67764.07
1717050900,BTCUSD,1,67764.07,67782.46,67709.82,67757.11
1717050960,BTCUSD,1,67757.11,67775.66,67749.47,67773.17
1717051020,BTCUSD,1,67773.17,67789.58,67726.94,67782.58
1717051080,BTCUSD,1,67782.58,67863.65,67782.58,67841.28
1717051140,BTCUSD,1,67841.28,67846.1,67820.13,67827.82
1717051200,BTCUSD,1,67827.82,67875.23,67827.82,67856.7
1717051260,BTCUSD,1,67856.7,67862.85,67817.11,67853.65
1717051320,BTCUSD,1,67853.65,67853.82,67844.53,67844.54
1717051380,BTCUSD,1,67844.54,67926.36,67844.54,67925.67
1717051440,BTCUSD,1,67925.67,67937.9,67914.6,67928.19
1717051500,BTCUSD,1,67928.19,67976.91,67928.19,67956.4
1717051560,BTCUSD,1,67956.4,67959.34,67940.96,67959.22
1717051620,BTCUSD,1,67959.22,67972.61,67939.22,67950.62
1717051680,BTCUSD,1,67950.62,67975.43,67950.62,67971.69
1717051740,BTCUSD,1,67971.69,67979.57,67946.01,67953.03
1717051800,BTCUSD,1,67953.03,67953.04,67909.43,67910.18
1717051860,BTCUSD,1,67910.18,67927.92,67867.28,67867.28
1717051920,BTCUSD,1,67867.28,67887.17,67838.89,67844.52
1717051980,BTCUSD,1,67844.52,67849.03,67805.7,67828.68
1717052040,BTCUSD,1,67828.68,67846.01,67815.02,67815.2
1717052100,BTCUSD,1,67815.2,67843.5,67740.53,67740.53
1717052160,BTCUSD,1,67740.53,67772.71,67714.04,67753.21
1717052220,BTCUSD,1,67753.21,67812.64,67733.43,67770.12
1717052280,BTCUSD,1,67770.12,67819.2,67767.92,67783.8
1717052340,BTCUSD,1,67783.8,67821.32,67779.65,67807.55
1717052400,BTCUSD,1,67807.55,67830.14,67782.83,67815.86
1717052460,BTCUSD,1,67815.86,67844.91,67805.56,67820.75
1717052520,BTCUSD,1,67820.75,67841.06,67813.17,67821.92
1717052580,BTCUSD,1,67821.92,67850.49,67798.5,67800.79
1717052640,BTCUSD,1,67800.79,67816.13,67772.96,67778.53
1717052700,BTCUSD,1,67778.53,67786.95,67687.86,67786.95
1717052760,BTCUSD,1,67786.95,67806.81,67768.22,67776.76
1717052820,BTCUSD,1,67776.76,67797.87,67759.79,67778.24
1717052880,BTCUSD,1,67778.24,67839.83,67774.98,67828.48
1717052940,BTCUSD,1,67828.48,67845.67,67819.07,67845.67
1717053000,BTCUSD,1,67845.67,67895.31,67842.96,67884.31
1717053060,BTCUSD,1,67884.31,67903.2,67883.23,67895.98
1717053120,BTCUSD,1,67895.98,67909.26,67864.41,67870.6
1717053180,BTCUSD,1,67870.6,67870.6,67845.3,67849.38
1717053240,BTCUSD,1,67849.38,67866.49,67842.85,67854.31
1717053300,BTCUSD,1,67854.31,67884.54,67848.8,67884.54
1717053360,BTCUSD,1,67884.54,67891.15,67856.21,67858.9
1717053420,BTCUSD,1,67858.9,67859.17,67806.78,67825.1
1717053480,BTCUSD,1,67825.1,67836.78,67813.22,67830.73
1717053540,BTCUSD,1,67830.73,67830.73,67801.33,67810.55
1717053600,BTCUSD,1,67810.55,67817.18,67754.55,67755.03
1717053660,BTCUSD,1,67755.03,67755.03,67701.28,67708.12
1717053720,BTCUSD,1,67708.12,67776.39,67708.02,67738.61
1717053780,BTCUSD,1,67738.61,67756.43,67730.02,67754.21
1717053840,BTCUSD,1,67754.21,67754.21,67726.38,67731.59
1717053900,BTCUSD,1,67731.59,67736.13,67696.08,67736.13
1717053960,BTCUSD,1,67736.13,67753.25,67733.08,67735.83
1717054020,BTCUSD,1,67735.83,67751.49,67735.83,67751.09
1717054080,BTCUSD,1,67751.09,67764.11,67750.11,67761.57
1717054140,BTCUSD,1,67761.57,67764.07,67758.72,67763.73
1717054200,BTCUSD,1,67763.73,67764.24,67753.62,67762.78
1717054260,BTCUSD,1,67762.78,67763.28,67760.13,67761.79
1717054320,BTCUSD,1,67761.79,67771.23,67760.94,67771.23
1717054380,BTCUSD,1,67771.23,67802.14,67771.23,67799.13
1717054440,BTCUSD,1,67799.13,67817.71,67797.16,67817.71
1717054500,BTCUSD,1,67817.71,67822.95,67813.75,67822.69
1717054560,BTCUSD,1,67822.69,67859.79,67822.69,67858.34
1717054620,BTCUSD,1,67858.34,67875.8,67856.25,67875.75
1717054680,BTCUSD,1,67875.75,67893.28,67872.59,67893.28
1717054740,BTCUSD,1,67893.28,67904.35,67892.07,67901.52
1717054800,BTCUSD,1,67901.52,67943.84,67901.52,67943.84
1717054860,BTCUSD,1,67943.84,67943.84,67917.9,67919.27
1717054920,BTCUSD,1,67919.27,67921.17,67870.17,67872.68
1717054980,BTCUSD,1,67872.68,67912.46,67871.48,67912.46
1717055040,BTCUSD,1,67912.46,67942.64,67912.46,67942.64
1717055100,BTCUSD,1,67942.64,67969.37,67930.87,67969.37
1717055160,BTCUSD,1,67969.37,68009.1,67956.79,67957.34
1717055220,BTCUSD,1,67957.34,67960.93,67932.39,67934.01
1717055280,BTCUSD,1,67934.01,67936.68,67917.16,67917.16
1717055340,BTCUSD,1,67917.16,67917.16,67884.38,67884.38
1717055400,BTCUSD,1,67884.38,67884.38,67803.55,67803.55
1717055460,BTCUSD,1,67803.55,67803.55,67688.53,67716.9
1717055520,BTCUSD,1,67716.9,67721.62,67547.57,67547.57
1717055580,BTCUSD,1,67547.57,67602.59,67506.56,67594.34
1717055640,BTCUSD,1,67594.34,67640.74,67569.45,67569.45
1717055700,BTCUSD,1,67569.45,67621.04,67547.88,67550.91
1717055760,BTCUSD,1,67550.91,67591.37,67548.17,67559.56
1717055820,BTCUSD,1,67559.56,67560.05,67504.41,67536.42
1717055880,BTCUSD,1,67536.42,67634.03,67536.42,67610.8
1717055940,BTCUSD,1,67610.8,67610.8,67548.22,67561.41
1717056000,BTCUSD,1,67561.41,67582.26,67524.75,67582.26
1717056060,BTCUSD,1,67582.26,67612.17,67510.31,67524.77
1717056120,BTCUSD,1,67524.77,67581.71,67487.66,67571.28
1717056180,BTCUSD,1,67571.28,67609.91,67563.22,67606.42
1717056240,BTCUSD,1,67606.42,67606.52,67554.82,67583.14
1717056300,BTCUSD,1,67583.14,67602.19,67555.16,67555.16
1717056360,BTCUSD,1,67555.16,67555.16,67486.62,67489.82
1717056420,BTCUSD,1,67489.82,67507.97,67352.14,67402.36
1717056480,BTCUSD,1,67402.36,67454.14,67366.44,67371.13
1717056540,BTCUSD,1,67371.13,67391.97,67328.17,67373.99
1717056600,BTCUSD,1,67373.99,67393.94,67346.24,67367.72
1717056660,BTCUSD,1,67367.72,67377.8,67343.27,67344.76
1717056720,BTCUSD,1,67344.76,67348.17,67294.19,67335.97
1717056780,BTCUSD,1,67335.97,67339.76,67222.91,67222.91
1717056840,BTCUSD,1,67222.91,67232.23,67176.21,67179.55
1717056900,BTCUSD,1,67179.55,67219.31,67176.35,67185.87
1717056960,BTCUSD,1,67185.87,67245.36,67177.96,67240.5
1717057020,BTCUSD,1,67240.5,67256.75,67211.32,67246.98
1717057080,BTCUSD,1,67246.98,67247.12,67131.99,67134.95
1717057140,BTCUSD,1,67134.95,67213.02,67133.92,67175.23
1717057200,BTCUSD,1,67175.23,67218.15,67174.1,67199.7
1717057260,BTCUSD,1,67199.7,67199.7,67133.88,67163.9
1717057320,BTCUSD,1,67163.9,67163.9,67108.99,67108.99
1717057380,BTCUSD,1,67108.99,67140.57,67104.28,67115.68
1717057440,BTCUSD,1,67115.68,67187.12,67101.5,67187.12
1717057500,BTCUSD,1,67187.12,67286.57,67187.12,67285.93
1717057560,BTCUSD,1,67285.93,67348.35,67284.17,67292.48
1717057620,BTCUSD,1,67292.48,67351.28,67275.54,67351.14
1717057680,BTCUSD,1,67351.14,67357.56,67314.96,67330.56
1717057740,BTCUSD,1,67330.56,67354.93,67325.22,67345.62
1717057800,BTCUSD,1,67345.62,67421.13,67345.62,67419.56
1717057860,BTCUSD,1,67419.56,67451.73,67409.43,67419.93
1717057920,BTCUSD,1,67419.93,67449.31,67401.43,67433.4
1717057980,BTCUSD,1,67433.4,67474.5,67431.04,67474.5
1717058040,BTCUSD,1,67474.5,67474.66,67408.37,67408.37
1717058100,BTCUSD,1,67408.37,67435.07,67387.55,67416.74
1717058160,BTCUSD,1,67416.74,67467.22,67400.52,67455.65
1717058220,BTCUSD,1,67455.65,67455.65,67424.05,67443.07
1717058280,BTCUSD,1,67443.07,67481.14,67443.06,67477.69
1717058340,BTCUSD,1,67477.69,67485.65,67459.02,67465.56
1717058400,BTCUSD,1,67465.56,67493.89,67464.63,67489.06
1717058460,BTCUSD,1,67489.06,67515.86,67485.01,67515.79
1717058520,BTCUSD,1,67515.79,67517.38,67474.36,67498.3
1717058580,BTCUSD,1,67498.3,67527.36,67497.67,67526.22
1717058640,BTCUSD,1,67526.22,67526.22,67519.57,67525.57
1717058700,BTCUSD,1,67525.57,67525.57,67465.82,67465.82
1717058760,BTCUSD,1,67465.82,67499.01,67431.44,67490.05
1717058820,BTCUSD,1,67490.05,67528.14,67472.67,67528.14
1717058880,BTCUSD,1,67528.14,67529.02,67508.54,67514.89
1717058940,BTCUSD,1,67514.89,67541.46,67512.6,67538.94
1717059000,BTCUSD,1,67538.94,67538.94,67499.35,67511.91
1717059060,BTCUSD,1,67511.91,67543.48,67511.91,67543.48
1717059120,BTCUSD,1,67543.48,67546.59,67534.47,67537.51
1717059180,BTCUSD,1,67537.51,67555.13,67532.4,67545.87
1717059240,BTCUSD,1,67545.87,67569.54,67537.23,67569.54
1717059300,BTCUSD,1,67569.54,67598.04,67569.54,67591.52
1717059360,BTCUSD,1,67591.52,67666.25,67591.52,67658.06
1717059420,BTCUSD,1,67658.06,67735.81,67656.2,67726.27
1717059480,BTCUSD,1,67726.27,67726.27,67671.4,67676.84
1717059540,BTCUSD,1,67676.84,67676.84,67650.12,67654.5
1717059600,BTCUSD,1,67654.5,67685.04,67653.2,67683.17
1717059660,BTCUSD,1,67683.17,67688.2,67652.31,67653.17
1717059720,BTCUSD,1,67653.17,67653.17,67589.35,67596.31
1717059780,BTCUSD,1,67596.31,67642.89,67575.96,67617.54
1717059840,BTCUSD,1,67617.54,67619.99,67571.11,67574.22
1717059900,BTCUSD,1,67574.22,67583.14,67568.18,67569.38
1717059960,BTCUSD,1,67569.38,67586.99,67553.77,67565.52
1717060020,BTCUSD,1,67565.52,67595.8,67562.28,67595.8
1717060080,BTCUSD,1,67595.8,67661.26,67595.17,67647.2
1717060140,BTCUSD,1,67647.2,67647.82,67627.06,67641.71
1717060200,BTCUSD,1,67641.71,67648.35,67619.11,67625.77
1717060260,BTCUSD,1,67625.77,67641.79,67610.25,67640.99
1717060320,BTCUSD,1,67640.99,67643.74,67623.58,67623.88
1717060380,BTCUSD,1,67623.88,67642.31,67618.07,67642.27
1717060440,BTCUSD,1,67642.27,67676.82,67640.34,67676.82
1717060500,BTCUSD,1,67676.82,67680.38,67654.23,67674.98
1717060560,BTCUSD,1,67674.98,67678.28,67652.59,67666.54
1717060620,BTCUSD,1,67666.54,67722.57,67666.03,67702.53
1717060680,BTCUSD,1,67702.53,67706.35,67679.45,67705.21
1717060740,BTCUSD,1,67705.21,67705.21,67682.97,67699.92
1717060800,BTCUSD,1,67699.92,67704.79,67653.34,67653.34
1717060860,BTCUSD,1,67653.34,67653.34,67617.96,67624.67
1717060920,BTCUSD,1,67624.67,67647.79,67624.67,67647.79
1717060980,BTCUSD,1,67647.79,67654.21,67641.68,67648.61
1717061040,BTCUSD,1,67648.61,67649.44,67618.77,67618.77
1717061100,BTCUSD,1,67618.77,67621.84,67608.12,67613.58
1717061160,BTCUSD,1,67613.58,67613.58,67586.54,67586.93
1717061220,BTCUSD,1,67586.93,67589.75,67577.1,67587.36
1717061280,BTCUSD,1,67587.36,67588.33,67575.08,67577.6
1717061340,BTCUSD,1,67577.6,67577.6,67543.02,67547.13
1717061400,BTCUSD,1,67547.13,67592.73,67547.13,67585.91
1717061460,BTCUSD,1,67585.91,67613.84,67585.91,67607.68
1717061520,BTCUSD,1,67607.68,67607.84,67593.15,67604.85
1717061580,BTCUSD,1,67604.85,67607.59,67592.24,67607.45
1717061640,BTCUSD,1,67607.45,67607.78,67592.63,67594.93
1717061700,BTCUSD,1,67594.93,67594.93,67560.6,67564.19
1717061760,BTCUSD,1,67564.19,67566.18,67529.02,67530.27
1717061820,BTCUSD,1,67530.27,67537.43,67503.06,67524.82
1717061880,BTCUSD,1,67524.82,67524.94,67441.64,67475.79
1717061940,BTCUSD,1,67475.79,67476.73,67437.69,67459.61
1717062000,BTCUSD,1,67459.61,67499.83,67456.81,67499.25
1717062060,BTCUSD,1,67499.25,67519.61,67493.2,67519.61
1717062120,BTCUSD,1,67519.61,67525.92,67503.77,67525.92
1717062180,BTCUSD,1,67525.92,67569.72,67525.26,67569.72
1717062240,BTCUSD,1,67569.72,67574.07,67543.84,67549.94
1717062300,BTCUSD,1,67549.94,67576.39,67535.11,67572.21
1717062360,BTCUSD,1,67572.21,67588.78,67564.29,67588.34
1717062420,BTCUSD,1,67588.34,67605.21,67579.75,67605.21
1717062480,BTCUSD,1,67605.21,67617.26,67594.84,67598.9
1717062540,BTCUSD,1,67598.9,67609.36,67593.18,67593.94
1717062600,BTCUSD,1,67593.94,67617.35,67593.82,67613.78
1717062660,BTCUSD,1,67613.78,67618.88,67601.0,67618.75
1717062720,BTCUSD,1,67618.75,67622.17,67618.71,67622.11
1717062780,BTCUSD,1,67622.11,67653.57,67621.68,67652.67
1717062840,BTCUSD,1,67652.67,67653.02,67615.8,67618.35
1717062900,BTCUSD,1,67618.35,67660.13,67617.14,67654.93
1717062960,BTCUSD,1,67654.93,67666.57,67643.91,67664.53
1717063020,BTCUSD,1,67664.53,67686.07,67660.76,67686.07
1717063080,BTCUSD,1,67686.07,67724.4,67682.52,67719.63
1717063140,BTCUSD,1,67719.63,67724.47,67712.28,67712.63
1717063200,BTCUSD,1,67712.63,67721.77,67704.6,67721.74
1717063260,BTCUSD,1,67721.74,67721.74,67662.17,67662.17
1717063320,BTCUSD,1,67662.17,67702.8,67640.98,67692.89
1717063380,BTCUSD,1,67692.89,67704.46,67670.39,67683.63
1717063440,BTCUSD,1,67683.63,67691.46,67683.63,67683.86
1717063500,BTCUSD,1,67683.86,67685.65,67657.24,67657.24
1717063560,BTCUSD,1,67657.24,67657.93,67627.93,67640.22
1717063620,BTCUSD,1,67640.22,67663.35,67610.16,67613.13
1717063680,BTCUSD,1,67613.13,67618.0,67578.45,67581.28
1717063740,BTCUSD,1,67581.28,67599.12,67574.65,67599.12
1717063800,BTCUSD,1,67599.12,67618.95,67599.09,67617.99
1717063860,BTCUSD,1,67617.99,67630.92,67617.57,67626.8
1717063920,BTCUSD,1,67626.8,67630.85,67621.93,67623.43
1717063980,BTCUSD,1,67623.43,67628.8,67623.43,67625.32
1717064040,BTCUSD,1,67625.32,67625.32,67567.34,67570.63
1717064100,BTCUSD,1,67570.63,67591.55,67557.46,67580.19
1717064160,BTCUSD,1,67580.19,67581.1,67576.21,67581.05
1717064220,BTCUSD,1,67581.05,67591.98,67581.05,67589.24
1717064280,BTCUSD,1,67589.24,67590.0,67574.87,67580.85
1717064340,BTCUSD,1,67580.85,67583.48,67539.57,67542.71
1717064400,BTCUSD,1,67542.71,67573.02,67513.81,67573.0
1717064460,BTCUSD,1,67573.0,67603.36,67559.41,67603.26
1717064520,BTCUSD,1,67603.26,67661.9,67603.26,67661.9
1717064580,BTCUSD,1,67661.9,67663.29,67638.57,67648.81
1717064640,BTCUSD,1,67648.81,67650.06,67634.02,67639.71
1717064700,BTCUSD,1,67639.71,67641.0,67623.62,67626.28
1717064760,BTCUSD,1,67626.28,67650.55,67625.83,67650.55
1717064820,BTCUSD,1,67650.55,67673.65,67650.55,67669.07
1717064880,BTCUSD,1,67669.07,67676.26,67664.89,67675.47
1717064940,BTCUSD,1,67675.47,67676.13,67658.46,67663.67
1717065000,BTCUSD,1,67663.67,67693.95,67662.59,67693.95
1717065060,BTCUSD,1,67693.95,67713.81,67692.62,67713.76
1717065120,BTCUSD,1,67713.76,67741.21,67713.76,67741.21
1717065180,BTCUSD,1,67741.21,67741.21,67701.69,67703.35
1717065240,BTCUSD,1,67703.35,67740.77,67703.16,67740.77
1717065300,BTCUSD,1,67740.77,67812.25,67740.77,67801.26
1717065360,BTCUSD,1,67801.26,67807.64,67791.41,67795.03
1717065420,BTCUSD,1,67795.03,67815.73,67791.87,67815.73
1717065480,BTCUSD,1,67815.73,67815.73,67793.22,67796.72
1717065540,BTCUSD,1,67796.72,67803.29,67759.19,67774.82
1717065600,BTCUSD,1,67774.82,67821.97,67774.82,67821.97
1717065660,BTCUSD,1,67821.97,67852.79,67821.96,67852.18
1717065720,BTCUSD,1,67852.18,67945.8,67852.18,67919.3
1717065780,BTCUSD,1,67919.3,67919.9,67868.35,67904.82
1717065840,BTCUSD,1,67904.82,67906.26,67875.94,67899.25
1717065900,BTCUSD,1,67899.25,67910.2,67890.67,67910.2
1717065960,BTCUSD,1,67910.2,67966.19,67896.92,67958.43
1717066020,BTCUSD,1,67958.43,67961.01,67908.16,67912.39
1717066080,BTCUSD,1,67912.39,67912.39,67839.14,67848.29
1717066140,BTCUSD,1,67848.29,67860.3,67838.99,67853.23
1717066200,BTCUSD,1,67853.23,67873.19,67839.63,67844.28
1717066260,BTCUSD,1,67844.28,67856.04,67817.0,67855.21
1717066320,BTCUSD,1,67855.21,67857.6,67854.63,67856.68
1717066380,BTCUSD,1,67856.68,67868.33,67836.21,67868.33
1717066440,BTCUSD,1,67868.33,67892.59,67867.08,67890.01
1717066500,BTCUSD,1,67890.01,67900.5,67881.87,67894.37
1717066560,BTCUSD,1,67894.37,67933.06,67894.33,67929.72
1717066620,BTCUSD,1,67929.72,67949.21,67920.36,67921.62
1717066680,BTCUSD,1,67921.62,67940.23,67921.62,67922.09
1717066740,BTCUSD,1,67922.09,67924.14,67912.79,67912.8
1717066800,BTCUSD,1,67912.8,67934.09,67898.72,67929.23
1717066860,BTCUSD,1,67929.23,67949.9,67921.04,67949.9
1717066920,BTCUSD,1,67949.9,67949.9,67881.37,67891.54
1717066980,BTCUSD,1,67891.54,67927.98,67891.54,67925.59
1717067040,BTCUSD,1,67925.59,67925.59,67893.59,67894.22
1717067100,BTCUSD,1,67894.22,67903.06,67865.7,67896.79
1717067160,BTCUSD,1,67896.79,67912.09,67859.17,67863.35
1717067220,BTCUSD,1,67863.35,67870.07,67858.22,67864.38
1717067280,BTCUSD,1,67864.38,67879.88,67864.37,67873.08
1717067340,BTCUSD,1,67873.08,67911.08,67872.03,67899.9
1717067400,BTCUSD,1,67899.9,67899.92,67869.49,67878.85
1717067460,BTCUSD,1,67878.85,67880.06,67868.66,67878.88
1717067520,BTCUSD,1,67878.88,67921.4,67876.88,67919.72
1717067580,BTCUSD,1,67919.72,67953.07,67918.46,67951.16
1717067640,BTCUSD,1,67951.16,67961.98,67922.5,67924.98
1717067700,BTCUSD,1,67924.98,67935.05,67900.59,67901.87
1717067760,BTCUSD,1,67901.87,67909.0,67894.81,67908.3
1717067820,BTCUSD,1,67908.3,67909.5,67886.27,67887.26
1717067880,BTCUSD,1,67887.26,67892.09,67874.09,67883.68
1717067940,BTCUSD,1,67883.68,67884.92,67866.99,67868.78
1717068000,BTCUSD,1,67868.78,67872.92,67863.0,67863.0
1717068060,BTCUSD,1,67863.0,67890.13,67858.65,67874.53
1717068120,BTCUSD,1,67874.53,67875.51,67818.42,67820.52
1717068180,BTCUSD,1,67820.52,67861.16,67818.61,67848.29
1717068240,BTCUSD,1,67848.29,67895.55,67845.14,67895.52
1717068300,BTCUSD,1,67895.52,67899.95,67880.01,67882.62
1717068360,BTCUSD,1,67882.62,67923.44,67869.82,67914.15
1717068420,BTCUSD,1,67914.15,67963.31,67910.4,67963.31
1717068480,BTCUSD,1,67963.31,68062.96,67955.09,68060.78
1717068540,BTCUSD,1,68060.78,68069.76,68037.93,68055.03
1717068600,BTCUSD,1,68055.03,68068.79,68028.18,68029.49
1717068660,BTCUSD,1,68029.49,68033.06,67997.69,68001.92
1717068720,BTCUSD,1,68001.92,68049.05,68001.38,68046.77
1717068780,BTCUSD,1,68046.77,68051.45,67994.72,67996.38
1717068840,BTCUSD,1,67996.38,68034.45,67995.54,68024.39
1717068900,BTCUSD,1,68024.39,68024.39,67957.78,67957.78
1717068960,BTCUSD,1,67957.78,67962.23,67934.47,67962.23
1717069020,BTCUSD,1,67962.23,67962.23,67919.56,67936.05
1717069080,BTCUSD,1,67936.05,67940.73,67918.86,67930.22
1717069140,BTCUSD,1,67930.22,67931.33,67917.59,67923.45
1717069200,BTCUSD,1,67923.45,67924.16,67891.46,67891.46
1717069260,BTCUSD,1,67891.46,67925.94,67890.75,67920.9
1717069320,BTCUSD,1,67920.9,67920.9,67902.25,67902.25
1717069380,BTCUSD,1,67902.25,67922.41,67902.25,67919.39
1717069440,BTCUSD,1,67919.39,67928.16,67918.45,67928.16
1717069500,BTCUSD,1,67928.16,67932.68,67883.9,67884.51
1717069560,BTCUSD,1,67884.51,67896.23,67831.67,67889.23
1717069620,BTCUSD,1,67889.23,67889.23,67851.73,67854.93
1717069680,BTCUSD,1,67854.93,67866.76,67843.56,67853.85
1717069740,BTCUSD,1,67853.85,67895.76,67853.85,67891.66
1717069800,BTCUSD,1,67891.66,67893.1,67821.93,67823.31
1717069860,BTCUSD,1,67823.31,67834.66,67821.8,67834.66
1717069920,BTCUSD,1,67834.66,67887.37,67820.27,67824.32
1717069980,BTCUSD,1,67824.32,67839.69,67817.08,67817.09
1717070040,BTCUSD,1,67817.09,67826.75,67816.44,67823.32
1717070100,BTCUSD,1,67823.32,67828.74,67816.86,67822.65
1717070160,BTCUSD,1,67822.65,67826.0,67787.35,67787.35
1717070220,BTCUSD,1,67787.35,67802.89,67771.61,67789.9
1717070280,BTCUSD,1,67789.9,67790.74,67772.79,67773.33
1717070340,BTCUSD,1,67773.33,67783.85,67769.24,67769.24
1717070400,BTCUSD,1,67769.24,67770.23,67725.72,67725.84
1717070460,BTCUSD,1,67725.84,67746.97,67712.25,67746.97
1717070520,BTCUSD,1,67746.97,67773.16,67727.65,67764.92
1717070580,BTCUSD,1,67764.92,67877.13,67758.09,67877.13
1717070640,BTCUSD,1,67877.13,67879.45,67825.83,67831.89
1717070700,BTCUSD,1,67831.89,67861.96,67831.89,67861.92
1717070760,BTCUSD,1,67861.92,67881.6,67855.34,67878.37
1717070820,BTCUSD,1,67878.37,67878.65,67856.71,67859.37
1717070880,BTCUSD,1,67859.37,67859.37,67817.43,67839.47
1717070940,BTCUSD,1,67839.47,67856.72,67829.28,67853.35
1717071000,BTCUSD,1,67853.35,67884.89,67853.34,67883.03
1717071060,BTCUSD,1,67883.03,67899.44,67876.65,67899.44
1717071120,BTCUSD,1,67899.44,67915.53,67878.53,67914.9
1717071180,BTCUSD,1,67914.9,67961.19,67914.89,67930.72
1717071240,BTCUSD,1,67930.72,67930.72,67908.0,67910.25
1717071300,BTCUSD,1,67910.25,67910.54,67873.04,67893.04
1717071360,BTCUSD,1,67893.04,67921.65,67868.77,67921.65
1717071420,BTCUSD,1,67921.65,67962.3,67918.07,67962.08
1717071480,BTCUSD,1,67962.08,67974.01,67950.45,67963.14
1717071540,BTCUSD,1,67963.14,67963.14,67948.86,67950.83
1717071600,BTCUSD,1,67950.83,67994.7,67950.69,67989.97
1717071660,BTCUSD,1,67989.97,68005.03,67989.96,68002.3
1717071720,BTCUSD,1,68002.3,68016.49,67999.36,68008.6
1717071780,BTCUSD,1,68008.6,68029.55,67968.95,67970.87
1717071840,BTCUSD,1,67970.87,68021.55,67969.64,67997.04
1717071900,BTCUSD,1,67997.04,67997.04,67954.73,67973.23
1717071960,BTCUSD,1,67973.23,67982.35,67952.42,67954.37
1717072020,BTCUSD,1,67954.37,67993.29,67953.75,67992.23
1717072080,BTCUSD,1,67992.23,67994.27,67967.46,67971.96
1717072140,BTCUSD,1,67971.96,68001.83,67968.25,68001.83
1717072200,BTCUSD,1,68001.83,68237.4,67998.21,68189.46
1717072260,BTCUSD,1,68189.46,68193.92,68040.32,68084.63
1717072320,BTCUSD,1,68084.63,68141.66,68063.41,68063.62
1717072380,BTCUSD,1,68063.62,68063.62,67832.05,67937.81
1717072440,BTCUSD,1,67937.81,68019.45,67899.48,67973.7
1717072500,BTCUSD,1,67973.7,68023.37,67954.16,68017.09
1717072560,BTCUSD,1,68017.09,68037.43,67983.74,67999.49
1717072620,BTCUSD,1,67999.49,68046.32,67993.94,68026.49
1717072680,BTCUSD,1,68026.49,68040.9,68007.3,68028.01
1717072740,BTCUSD,1,68028.01,68028.01,67970.17,67991.86
1717072800,BTCUSD,1,67991.86,68017.41,67971.93,68017.41
1717072860,BTCUSD,1,68017.41,68096.54,68014.04,68096.54
1717072920,BTCUSD,1,68096.54,68145.82,68074.71,68145.82
1717072980,BTCUSD,1,68145.82,68223.6,68124.18,68187.67
1717073040,BTCUSD,1,68187.67,68234.98,68175.11,68189.64
1717073100,BTCUSD,1,68189.64,68227.9,68173.47,68204.07
1717073160,BTCUSD,1,68204.07,68204.88,68142.98,68191.91
1717073220,BTCUSD,1,68191.91,68241.6,68182.93,68212.31
1717073280,BTCUSD,1,68212.31,68258.73,68208.88,68226.37
1717073340,BTCUSD,1,68226.37,68280.32,68211.47,68212.51
1717073400,BTCUSD,1,68212.51,68220.97,68127.31,68128.64
1717073460,BTCUSD,1,68128.64,68128.64,68085.67,68102.72
1717073520,BTCUSD,1,68102.72,68144.76,68082.53,68121.41
1717073580,BTCUSD,1,68121.41,68121.85,68076.06,68092.23
1717073640,BTCUSD,1,68092.23,68130.32,68092.23,68125.56
1717073700,BTCUSD,1,68125.56,68142.97,68089.17,68127.74
1717073760,BTCUSD,1,68127.74,68133.64,68097.06,68129.91
1717073820,BTCUSD,1,68129.91,68144.02,68086.72,68086.72
1717073880,BTCUSD,1,68086.72,68115.47,68078.6,68106.86
1717073940,BTCUSD,1,68106.86,68126.27,68099.3,68109.6
1717074000,BTCUSD,1,68109.6,68138.49,68097.73,68133.68
1717074060,BTCUSD,1,68133.68,68147.54,68124.37,68147.17
1717074120,BTCUSD,1,68147.17,68180.53,68143.79,68157.95
1717074180,BTCUSD,1,68157.95,68157.95,68042.03,68042.03
1717074240,BTCUSD,1,68042.03,68053.01,68026.55,68039.43
1717074300,BTCUSD,1,68039.43,68039.97,68017.9,68018.2
1717074360,BTCUSD,1,68018.2,68058.95,68015.99,68056.19
1717074420,BTCUSD,1,68056.19,68095.11,68055.63,68060.68
1717074480,BTCUSD,1,68060.68,68104.41,68036.95,68103.92
1717074540,BTCUSD,1,68103.92,68103.92,68078.25,68101.92
1717074600,BTCUSD,1,68101.92,68128.88,68084.48,68127.69
1717074660,BTCUSD,1,68127.69,68159.26,68123.64,68148.99
1717074720,BTCUSD,1,68148.99,68165.91,68132.53,68132.53
1717074780,BTCUSD,1,68132.53,68143.94,68129.05,68139.76
1717074840,BTCUSD,1,68139.76,68168.64,68136.33,68168.64
1717074900,BTCUSD,1,68168.64,68298.81,68168.64,68294.74
1717074960,BTCUSD,1,68294.74,68321.56,68266.72,68281.16
1717075020,BTCUSD,1,68281.16,68341.6,68276.76,68310.91
1717075080,BTCUSD,1,68310.91,68317.68,68282.13,68312.04
1717075140,BTCUSD,1,68312.04,68314.12,68259.62,68262.66
1717075200,BTCUSD,1,68262.66,68287.56,68215.37,68219.02
1717075260,BTCUSD,1,68219.02,68253.9,68205.34,68238.08
1717075320,BTCUSD,1,68238.08,68244.45,68223.14,68239.12
1717075380,BTCUSD,1,68239.12,68249.52,68236.63,68237.77
1717075440,BTCUSD,1,68237.77,68266.98,68237.01,68251.0
1717075500,BTCUSD,1,68251.0,68272.23,68229.78,68268.72
1717075560,BTCUSD,1,68268.72,68271.88,68232.69,68232.69
1717075620,BTCUSD,1,68232.69,68238.27,68186.88,68201.75
1717075680,BTCUSD,1,68201.75,68216.4,68193.22,68202.02
1717075740,BTCUSD,1,68202.02,68202.52,68162.27,68172.78
1717075800,BTCUSD,1,68172.78,68180.05,68132.64,68167.11
1717075860,BTCUSD,1,68167.11,68230.86,68159.67,68181.0
1717075920,BTCUSD,1,68181.0,68232.01,68166.09,68197.56
1717075980,BTCUSD,1,68197.56,68227.81,68156.68,68156.68
1717076040,BTCUSD,1,68156.68,68189.18,68090.44,68091.87
1717076100,BTCUSD,1,68091.87,68138.23,68090.37,68090.37
1717076160,BTCUSD,1,68090.37,68093.03,68050.87,68060.36
1717076220,BTCUSD,1,68060.36,68086.83,68033.39,68075.47
1717076280,BTCUSD,1,68075.47,68143.57,68046.97,68090.36
1717076340,BTCUSD,1,68090.36,68123.04,68074.97,68079.4
1717076400,BTCUSD,1,68079.4,68118.36,68052.03,68066.37
1717076460,BTCUSD,1,68066.37,68108.48,68042.54,68084.99
1717076520,BTCUSD,1,68084.99,68158.35,68065.91,68158.35
1717076580,BTCUSD,1,68158.35,68241.19,68156.54,68221.55
1717076640,BTCUSD,1,68221.55,68228.1,68191.54,68208.75
1717076700,BTCUSD,1,68208.75,68396.27,68206.74,68389.55
1717076760,BTCUSD,1,68389.55,68521.49,68382.2,68520.23
1717076820,BTCUSD,1,68520.23,68666.71,68499.08,68608.09
1717076880,BTCUSD,1,68608.09,68628.66,68555.65,68562.32
1717076940,BTCUSD,1,68562.32,68631.45,68558.4,68590.28
1717077000,BTCUSD,1,68590.28,68637.14,68566.42,68606.42
1717077060,BTCUSD,1,68606.42,68606.42,68512.47,68542.26
1717077120,BTCUSD,1,68542.26,68542.26,68454.1,68490.12
1717077180,BTCUSD,1,68490.12,68499.09,68439.77,68444.37
1717077240,BTCUSD,1,68444.37,68448.05,68426.21,68428.45
1717077300,BTCUSD,1,68428.45,68495.25,68421.75,68463.9
1717077360,BTCUSD,1,68463.9,68563.3,68463.9,68559.83
1717077420,BTCUSD,1,68559.83,68614.54,68543.6,68610.47
1717077480,BTCUSD,1,68610.47,68646.98,68607.39,68633.28
1717077540,BTCUSD,1,68633.28,68633.28,68558.13,68601.59
1717077600,BTCUSD,1,68601.59,68649.13,68591.15,68625.12
1717077660,BTCUSD,1,68625.12,68678.16,68571.49,68651.7
1717077720,BTCUSD,1,68651.7,68716.83,68613.13,68613.14
1717077780,BTCUSD,1,68613.14,68613.14,68520.43,68543.95
1717077840,BTCUSD,1,68543.95,68656.43,68541.1,68639.34
1717077900,BTCUSD,1,68639.34,68655.67,68622.58,68635.94
1717077960,BTCUSD,1,68635.94,68709.09,68635.38,68696.66
1717078020,BTCUSD,1,68696.66,68734.83,68675.96,68731.35
1717078080,BTCUSD,1,68731.35,68809.22,68715.32,68795.73
1717078140,BTCUSD,1,68795.73,68803.19,68739.17,68746.92
1717078200,BTCUSD,1,68746.92,68766.32,68694.03,68694.15
1717078260,BTCUSD,1,68694.15,68694.15,68583.57,68599.65
1717078320,BTCUSD,1,68599.65,68599.65,68520.46,68537.68
1717078380,BTCUSD,1,68537.68,68538.71,68480.73,68526.47
1717078440,BTCUSD,1,68526.47,68528.16,68455.51,68455.51
1717078500,BTCUSD,1,68455.51,68548.52,68447.71,68547.79
1717078560,BTCUSD,1,68547.79,68595.75,68546.87,68566.84
1717078620,BTCUSD,1,68566.84,68671.52,68524.46,68666.05
1717078680,BTCUSD,1,68666.05,68679.1,68624.23,68643.8
1717078740,BTCUSD,1,68643.8,68686.83,68642.33,68685.26
1717078800,BTCUSD,1,68685.26,68706.47,68675.3,68693.54
1717078860,BTCUSD,1,68693.54,68714.28,68674.84,68713.0
1717078920,BTCUSD,1,68713.0,68789.41,68713.0,68745.82
1717078980,BTCUSD,1,68745.82,68777.32,68723.96,68723.96
1717079040,BTCUSD,1,68723.96,68744.43,68697.17,68701.82
1717079100,BTCUSD,1,68701.82,68724.29,68692.45,68716.74
1717079160,BTCUSD,1,68716.74,68723.61,68675.25,68704.87
1717079220,BTCUSD,1,68704.87,68716.58,68673.07,68673.07
1717079280,BTCUSD,1,68673.07,68673.07,68613.23,68618.47
1717079340,BTCUSD,1,68618.47,68668.67,68613.82,68656.75
1717079400,BTCUSD,1,68656.75,68728.07,68652.5,68723.71
1717079460,BTCUSD,1,68723.71,68733.67,68709.5,68727.48
1717079520,BTCUSD,1,68727.48,68727.76,68695.49,68705.24
1717079580,BTCUSD,1,68705.24,68708.02,68663.6,68696.05
1717079640,BTCUSD,1,68696.05,68703.83,68681.45,68687.38
1717079700,BTCUSD,1,68687.38,68698.39,68632.43,68655.42
1717079760,BTCUSD,1,68655.42,68660.34,68614.72,68659.62
1717079820,BTCUSD,1,68659.62,68678.39,68648.29,68659.1
1717079880,BTCUSD,1,68659.1,68665.08,68554.53,68554.53
1717079940,BTCUSD,1,68554.53,68578.53,68513.16,68513.69
1717080000,BTCUSD,1,68513.69,68559.75,68506.17,68559.75
1717080060,BTCUSD,1,68559.75,68569.99,68489.9,68495.98
1717080120,BTCUSD,1,68495.98,68507.96,68470.33,68475.28
1717080180,BTCUSD,1,68475.28,68501.68,68454.4,68475.59
1717080240,BTCUSD,1,68475.59,68511.09,68471.36,68505.65
1717080300,BTCUSD,1,68505.65,68574.82,68505.65,68568.97
1717080360,BTCUSD,1,68568.97,68568.97,68452.09,68452.09
1717080420,BTCUSD,1,68452.09,68494.07,68442.55,68477.19
1717080480,BTCUSD,1,68477.19,68479.67,68430.98,68437.87
1717080540,BTCUSD,1,68437.87,68437.87,68395.6,68423.57
1717080600,BTCUSD,1,68423.57,68471.16,68416.21,68463.1
1717080660,BTCUSD,1,68463.1,68497.08,68434.89,68434.89
1717080720,BTCUSD,1,68434.89,68434.89,68392.65,68392.65
1717080780,BTCUSD,1,68392.65,68392.65,68283.51,68309.02
1717080840,BTCUSD,1,68309.02,68313.06,68270.5,68271.64
1717080900,BTCUSD,1,68271.64,68307.03,68243.27,68307.03
1717080960,BTCUSD,1,68307.03,68335.86,68301.48,68320.8
1717081020,BTCUSD,1,68320.8,68342.79,68298.45,68335.7
1717081080,BTCUSD,1,68335.7,68367.19,68334.62,68340.18
1717081140,BTCUSD,1,68340.18,68352.19,68333.41,68346.75
1717081200,BTCUSD,1,68346.75,68384.42,68334.16,68360.3
1717081260,BTCUSD,1,68360.3,68370.55,68308.47,68348.85
1717081320,BTCUSD,1,68348.85,68379.13,68339.56,68379.13
1717081380,BTCUSD,1,68379.13,68415.25,68355.1,68359.84
1717081440,BTCUSD,1,68359.84,68367.76,68308.29,68311.19
1717081500,BTCUSD,1,68311.19,68311.19,68160.2,68166.54
1717081560,BTCUSD,1,68166.54,68247.81,68166.54,68191.11
1717081620,BTCUSD,1,68191.11,68207.2,68154.53,68158.96
1717081680,BTCUSD,1,68158.96,68202.6,68132.94,68202.6
1717081740,BTCUSD,1,68202.6,68249.88,68191.2,68244.11
1717081800,BTCUSD,1,68244.11,68273.62,68195.46,68235.88
1717081860,BTCUSD,1,68235.88,68283.88,68223.43,68268.97
1717081920,BTCUSD,1,68268.97,68289.2,68253.0,68280.98
1717081980,BTCUSD,1,68280.98,68287.45,68247.08,68250.35
1717082040,BTCUSD,1,68250.35,68266.86,68244.68,68247.97
1717082100,BTCUSD,1,68247.97,68381.45,68238.61,68381.45
1717082160,BTCUSD,1,68381.45,68408.93,68333.12,68333.12
1717082220,BTCUSD,1,68333.12,68359.51,68302.26,68347.52
1717082280,BTCUSD,1,68347.52,68347.61,68298.64,68304.19
1717082340,BTCUSD,1,68304.19,68327.33,68297.14,68322.91
1717082400,BTCUSD,1,68322.91,68336.36,68316.97,68316.97
1717082460,BTCUSD,1,68316.97,68316.97,68266.53,68269.92
1717082520,BTCUSD,1,68269.92,68290.19,68264.3,68285.17
1717082580,BTCUSD,1,68285.17,68329.55,68284.24,68323.98
1717082640,BTCUSD,1,68323.98,68345.95,68318.57,68337.93
1717082700,BTCUSD,1,68337.93,68350.14,68324.64,68327.16
1717082760,BTCUSD,1,68327.16,68344.5,68308.22,68316.4
1717082820,BTCUSD,1,68316.4,68333.2,68316.24,68331.41
1717082880,BTCUSD,1,68331.41,68376.73,68329.88,68375.36
1717082940,BTCUSD,1,68375.36,68441.88,68374.86,68411.55
1717083000,BTCUSD,1,68411.55,68433.11,68349.13,68429.84
1717083060,BTCUSD,1,68429.84,68551.49,68422.99,68521.79
1717083120,BTCUSD,1,68521.79,68539.73,68491.09,68535.93
1717083180,BTCUSD,1,68535.93,68571.39,68502.17,68507.32
1717083240,BTCUSD,1,68507.32,68519.36,68480.43,68497.33
1717083300,BTCUSD,1,68497.33,68525.63,68490.15,68511.73
1717083360,BTCUSD,1,68511.73,68548.8,68508.76,68530.37
1717083420,BTCUSD,1,68530.37,68531.44,68433.77,68460.59
1717083480,BTCUSD,1,68460.59,68470.59,68443.71,68457.97
1717083540,BTCUSD,1,68457.97,68477.74,68454.07,68461.39
1717083600,BTCUSD,1,68461.39,68528.69,68452.34,68523.7
1717083660,BTCUSD,1,68523.7,68604.22,68523.7,68568.9
1717083720,BTCUSD,1,68568.9,68589.56,68412.74,68412.74
1717083780,BTCUSD,1,68412.74,68430.64,68409.69,68413.14
1717083840,BTCUSD,1,68413.14,68413.14,68376.45,68406.44
1717083900,BTCUSD,1,68406.44,68471.42,68406.44,68471.42
1717083960,BTCUSD,1,68471.42,68517.85,68463.07,68496.13
1717084020,BTCUSD,1,68496.13,68513.43,68470.98,68498.61
1717084080,BTCUSD,1,68498.61,68528.38,68497.7,68526.99
1717084140,BTCUSD,1,68526.99,68535.34,68514.6,68534.09
1717084200,BTCUSD,1,68534.09,68584.4,68533.72,68551.98
1717084260,BTCUSD,1,68551.98,68588.79,68518.7,68521.3
1717084320,BTCUSD,1,68521.3,68556.61,68507.03,68547.54
1717084380,BTCUSD,1,68547.54,68552.81,68531.18,68547.86
1717084440,BTCUSD,1,68547.86,68550.97,68472.11,68480.34
1717084500,BTCUSD,1,68480.34,68551.29,68480.34,68549.65
1717084560,BTCUSD,1,68549.65,68573.66,68546.28,68571.47
1717084620,BTCUSD,1,68571.47,68571.47,68512.48,68512.48
1717084680,BTCUSD,1,68512.48,68528.42,68501.58,68522.12
1717084740,BTCUSD,1,68522.12,68542.51,68486.09,68517.22
1717084800,BTCUSD,1,68517.22,68573.18,68517.03,68539.29
1717084860,BTCUSD,1,68539.29,68545.06,68460.09,68463.38
1717084920,BTCUSD,1,68463.38,68535.35,68463.38,68534.44
1717084980,BTCUSD,1,68534.44,68555.6,68520.11,68554.45
1717085040,BTCUSD,1,68554.45,68579.23,68554.13,68573.91
1717085100,BTCUSD,1,68573.91,68584.07,68544.18,68559.67
1717085160,BTCUSD,1,68559.67,68586.26,68545.64,68583.6
1717085220,BTCUSD,1,68583.6,68583.6,68555.99,68574.25
1717085280,BTCUSD,1,68574.25,68594.77,68556.9,68580.91
1717085340,BTCUSD,1,68580.91,68580.91,68538.77,68557.54
1717085400,BTCUSD,1,68557.54,68563.85,68551.82,68555.14
1717085460,BTCUSD,1,68555.14,68563.77,68485.96,68485.97
1717085520,BTCUSD,1,68485.97,68490.96,68453.27,68478.51
1717085580,BTCUSD,1,68478.51,68481.97,68439.35,68439.36
1717085640,BTCUSD,1,68439.36,68439.36,68403.02,68409.03
1717085700,BTCUSD,1,68409.03,68445.23,68403.59,68403.59
1717085760,BTCUSD,1,68403.59,68423.84,68377.65,68392.24
1717085820,BTCUSD,1,68392.24,68407.06,68386.89,68387.38
1717085880,BTCUSD,1,68387.38,68418.68,68387.37,68414.94
1717085940,BTCUSD,1,68414.94,68440.81,68377.78,68385.22
1717086000,BTCUSD,1,68385.22,68413.71,68380.96,68413.71
1717086060,BTCUSD,1,68413.71,68428.05,68413.71,68415.48
1717086120,BTCUSD,1,68415.48,68437.3,68385.73,68416.02
1717086180,BTCUSD,1,68416.02,68416.02,68373.98,68376.38
1717086240,BTCUSD,1,68376.38,68418.7,68375.62,68416.41
1717086300,BTCUSD,1,68416.41,68498.62,68416.25,68483.28
1717086360,BTCUSD,1,68483.28,68496.12,68455.41,68458.74
1717086420,BTCUSD,1,68458.74,68464.92,68438.19,68464.75
1717086480,BTCUSD,1,68464.75,68464.75,68443.31,68452.34
1717086540,BTCUSD,1,68452.34,68460.85,68413.28,68425.57
1717086600,BTCUSD,1,68425.57,68439.29,68413.03,68433.92
1717086660,BTCUSD,1,68433.92,68465.34,68432.6,68454.82
1717086720,BTCUSD,1,68454.82,68454.82,68443.09,68445.63
1717086780,BTCUSD,1,68445.63,68455.15,68438.98,68440.42
1717086840,BTCUSD,1,68440.42,68444.68,68439.32,68439.53
1717086900,BTCUSD,1,68439.53,68444.98,68426.46,68428.1
1717086960,BTCUSD,1,68428.1,68436.68,68410.59,68410.59
1717087020,BTCUSD,1,68410.59,68468.44,68410.59,68444.8
1717087080,BTCUSD,1,68444.8,68459.39,68444.79,68454.63
1717087140,BTCUSD,1,68454.63,68480.25,68454.63,68461.11
1717087200,BTCUSD,1,68461.11,68461.45,68410.23,68411.8
1717087260,BTCUSD,1,68411.8,68462.57,68388.24,68462.57
1717087320,BTCUSD,1,68462.57,68465.27,68434.36,68434.46
1717087380,BTCUSD,1,68434.46,68453.17,68431.19,68440.93
1717087440,BTCUSD,1,68440.93,68454.48,68433.17,68446.79
1717087500,BTCUSD,1,68446.79,68497.5,68439.47,68497.5
1717087560,BTCUSD,1,68497.5,68517.66,68497.48,68503.17
1717087620,BTCUSD,1,68503.17,68565.95,68503.02,68564.72
1717087680,BTCUSD,1,68564.72,68574.47,68543.79,68574.46
1717087740,BTCUSD,1,68574.46,68594.7,68566.03,68592.13
1717087800,BTCUSD,1,68592.13,68620.63,68585.48,68620.63
1717087860,BTCUSD,1,68620.63,68624.91,68599.75,68599.75
1717087920,BTCUSD,1,68599.75,68633.0,68568.22,68618.0
1717087980,BTCUSD,1,68618.0,68624.6,68608.39,68614.34
1717088040,BTCUSD,1,68614.34,68628.65,68591.61,68591.61
1717088100,BTCUSD,1,68591.61,68591.84,68557.66,68573.13
1717088160,BTCUSD,1,68573.13,68607.84,68563.74,68606.52
1717088220,BTCUSD,1,68606.52,68607.84,68594.59,68596.76
1717088280,BTCUSD,1,68596.76,68658.9,68586.04,68647.23
1717088340,BTCUSD,1,68647.23,68697.85,68642.77,68672.59
1717088400,BTCUSD,1,68672.59,68707.06,68659.18,68696.88
1717088460,BTCUSD,1,68696.88,68728.15,68687.0,68694.56
1717088520,BTCUSD,1,68694.56,68743.65,68694.46,68733.76
1717088580,BTCUSD,1,68733.76,68746.79,68672.17,68675.98
1717088640,BTCUSD,1,68675.98,68697.2,68667.02,68694.76
1717088700,BTCUSD,1,68694.76,68772.65,68692.39,68749.59
1717088760,BTCUSD,1,68749.59,68760.83,68734.92,68735.4
1717088820,BTCUSD,1,68735.4,68780.86,68734.92,68758.72
1717088880,BTCUSD,1,68758.72,68758.73,68717.83,68727.17
1717088940,BTCUSD,1,68727.17,68727.17,68684.33,68705.54
1717089000,BTCUSD,1,68705.54,68729.41,68702.2,68729.05
1717089060,BTCUSD,1,68729.05,68773.19,68727.78,68768.48
1717089120,BTCUSD,1,68768.48,68782.06,68759.36,68775.31
1717089180,BTCUSD,1,68775.31,68792.96,68771.88,68786.54
1717089240,BTCUSD,1,68786.54,68863.52,68781.72,68860.04
1717089300,BTCUSD,1,68860.04,68892.74,68852.79,68880.91
1717089360,BTCUSD,1,68880.91,68911.48,68878.82,68907.81
1717089420,BTCUSD,1,68907.81,68907.82,68781.88,68781.9
1717089480,BTCUSD,1,68781.9,68871.92,68773.62,68864.02
1717089540,BTCUSD,1,68864.02,68864.02,68785.55,68785.55
1717089600,BTCUSD,1,68785.55,68858.71,68777.16,68851.14
1717089660,BTCUSD,1,68851.14,68852.56,68806.96,68815.18
1717089720,BTCUSD,1,68815.18,68926.22,68815.18,68926.21
1717089780,BTCUSD,1,68926.21,69056.02,68924.76,69012.68
1717089840,BTCUSD,1,69012.68,69109.31,68995.96,69105.75
1717089900,BTCUSD,1,69105.75,69124.65,69063.55,69099.56
1717089960,BTCUSD,1,69099.56,69117.49,69042.53,69057.39
1717090020,BTCUSD,1,69057.39,69075.23,68998.38,69013.77
1717090080,BTCUSD,1,69013.77,69035.6,69010.34,69016.77
1717090140,BTCUSD,1,69016.77,69016.92,68990.3,69006.34
1717090200,BTCUSD,1,69006.34,69128.13,69006.34,69118.51
1717090260,BTCUSD,1,69118.51,69127.35,69085.24,69120.0
1717090320,BTCUSD,1,69120.0,69144.36,69115.31,69137.39
1717090380,BTCUSD,1,69137.39,69145.98,69122.39,69122.39
1717090440,BTCUSD,1,69122.39,69139.44,69062.51,69139.44
1717090500,BTCUSD,1,69139.44,69163.32,69125.35,69159.5
1717090560,BTCUSD,1,69159.5,69245.01,69153.1,69239.95
1717090620,BTCUSD,1,69239.95,69295.62,69239.49,69286.92
1717090680,BTCUSD,1,69286.92,69300.32,69268.91,69269.25
1717090740,BTCUSD,1,69269.25,69319.15,69240.65,69308.28
1717090800,BTCUSD,1,69308.28,69395.74,69299.07,69389.63
1717090860,BTCUSD,1,69389.63,69472.13,69328.3,69451.42
1717090920,BTCUSD,1,69451.42,69467.25,69345.46,69345.46
1717090980,BTCUSD,1,69345.46,69369.08,69324.28,69358.08
1717091040,BTCUSD,1,69358.08,69411.53,69281.02,69408.3
1717091100,BTCUSD,1,69408.3,69452.76,69329.41,69336.55
1717091160,BTCUSD,1,69336.55,69398.61,69321.08,69358.43
1717091220,BTCUSD,1,69358.43,69435.34,69299.48,69431.96
1717091280,BTCUSD,1,69431.96,69439.51,69384.65,69416.44
1717091340,BTCUSD,1,69416.44,69426.71,69381.94,69384.48
1717091400,BTCUSD,1,69384.48,69463.63,69377.38,69453.92
1717091460,BTCUSD,1,69453.92,69478.09,69435.65,69472.86
1717091520,BTCUSD,1,69472.86,69509.72,69472.1,69491.79
1717091580,BTCUSD,1,69491.79,69506.29,69466.27,69466.27
1717091640,BTCUSD,1,69466.27,69492.71,69442.17,69489.96
1717091700,BTCUSD,1,69489.96,69525.47,69471.65,69522.0
1717091760,BTCUSD,1,69522.0,69526.97,69494.16,69494.67
1717091820,BTCUSD,1,69494.67,69505.89,69474.72,69479.8
1717091880,BTCUSD,1,69479.8,69479.8,69395.95,69403.14
1717091940,BTCUSD,1,69403.14,69403.15,69343.25,69343.25
1717092000,BTCUSD,1,69343.25,69405.9,69341.41,69403.69
1717092060,BTCUSD,1,69403.69,69441.43,69403.69,69416.7
1717092120,BTCUSD,1,69416.7,69423.58,69364.44,69364.44
1717092180,BTCUSD,1,69364.44,69368.71,69328.26,69366.15
1717092240,BTCUSD,1,69366.15,69368.97,69281.59,69282.33
1717092300,BTCUSD,1,69282.33,69330.54,69278.97,69325.16
1717092360,BTCUSD,1,69325.16,69325.16,69231.21,69245.75
1717092420,BTCUSD,1,69245.75,69282.08,69241.2,69273.94
1717092480,BTCUSD,1,69273.94,69279.86,69242.88,69268.45
1717092540,BTCUSD,1,69268.45,69268.45,69221.11,69228.95
1717092600,BTCUSD,1,69228.95,69234.17,69195.22,69198.65
1717092660,BTCUSD,1,69198.65,69198.65,69159.77,69176.88
1717092720,BTCUSD,1,69176.88,69201.03,69163.29,69163.29
1717092780,BTCUSD,1,69163.29,69199.63,69148.97,69190.32
1717092840,BTCUSD,1,69190.32,69197.91,69140.22,69140.22
1717092900,BTCUSD,1,69140.22,69154.62,69127.02,69140.6
1717092960,BTCUSD,1,69140.6,69141.96,69084.2,69120.98
1717093020,BTCUSD,1,69120.98,69217.58,69088.54,69205.4
1717093080,BTCUSD,1,69205.4,69263.93,69200.57,69263.13
1717093140,BTCUSD,1,69263.13,69314.42,69263.13,69298.13
1717093200,BTCUSD,1,69298.13,69361.21,69294.42,69360.6
1717093260,BTCUSD,1,69360.6,69362.08,69241.65,69263.87
1717093320,BTCUSD,1,69263.87,69355.49,69244.37,69349.82
1717093380,BTCUSD,1,69349.82,69358.83,69310.82,69326.82
1717093440,BTCUSD,1,69326.82,69371.19,69322.74,69362.69
1717093500,BTCUSD,1,69362.69,69396.43,69340.8,69379.97
1717093560,BTCUSD,1,69379.97,69400.29,69347.5,69390.54
1717093620,BTCUSD,1,69390.54,69393.91,69329.44,69330.18
1717093680,BTCUSD,1,69330.18,69346.62,69268.28,69281.54
1717093740,BTCUSD,1,69281.54,69302.8,69261.44,69288.98
1717093800,BTCUSD,1,69288.98,69298.02,69274.59,69294.13
1717093860,BTCUSD,1,69294.13,69341.94,69281.47,69328.05
1717093920,BTCUSD,1,69328.05,69328.22,69261.68,69262.01
1717093980,BTCUSD,1,69262.01,69264.81,69247.33,69253.71
1717094040,BTCUSD,1,69253.71,69268.05,69246.88,69252.46
1717094100,BTCUSD,1,69252.46,69253.13,69231.58,69236.71
1717094160,BTCUSD,1,69236.71,69238.17,69188.75,69191.38
1717094220,BTCUSD,1,69191.38,69197.27,69115.11,69137.09
1717094280,BTCUSD,1,69137.09,69190.5,69137.08,69175.05
1717094340,BTCUSD,1,69175.05,69175.05,69138.65,69147.69
1717094400,BTCUSD,1,69147.69,69209.59,69147.69,69200.52
1717094460,BTCUSD,1,69200.52,69230.87,69188.02,69196.93
1717094520,BTCUSD,1,69196.93,69289.68,69196.93,69270.07
1717094580,BTCUSD,1,69270.07,69316.98,69270.07,69316.98
1717094640,BTCUSD,1,69316.98,69317.96,69283.05,69283.27
1717094700,BTCUSD,1,69283.27,69300.2,69265.1,69267.56
1717094760,BTCUSD,1,69267.56,69275.37,69257.96,69266.11
1717094820,BTCUSD,1,69266.11,69275.79,69239.21,69255.37
1717094880,BTCUSD,1,69255.37,69255.37,69218.06,69219.13
1717094940,BTCUSD,1,69219.13,69248.38,69211.46,69240.17
1717095000,BTCUSD,1,69240.17,69247.24,69196.82,69234.8
1717095060,BTCUSD,1,69234.8,69322.47,69232.91,69314.29
1717095120,BTCUSD,1,69314.29,69332.21,69275.76,69287.79
1717095180,BTCUSD,1,69287.79,69319.8,69287.06,69291.82
1717095240,BTCUSD,1,69291.82,69303.37,69286.53,69288.91
1717095300,BTCUSD,1,69288.91,69367.24,69287.18,69362.47
1717095360,BTCUSD,1,69362.47,69362.47,69351.17,69358.09
1717095420,BTCUSD,1,69358.09,69365.4,69348.69,69352.39
1717095480,BTCUSD,1,69352.39,69374.9,69334.25,69353.03
1717095540,BTCUSD,1,69353.03,69378.12,69352.89,69376.15
1717095600,BTCUSD,1,69376.15,69381.57,69301.94,69302.03
1717095660,BTCUSD,1,69302.03,69339.47,69272.52,69326.86
1717095720,BTCUSD,1,69326.86,69327.57,69268.32,69271.6
1717095780,BTCUSD,1,69271.6,69278.37,69247.99,69249.71
1717095840,BTCUSD,1,69249.71,69269.95,69228.86,69264.99
1717095900,BTCUSD,1,69264.99,69310.85,69263.34,69304.49
1717095960,BTCUSD,1,69304.49,69305.55,69264.76,69268.14
1717096020,BTCUSD,1,69268.14,69273.39,69258.01,69265.6
1717096080,BTCUSD,1,69265.6,69293.61,69255.72,69285.3
1717096140,BTCUSD,1,69285.3,69293.35,69282.47,69290.06
1717096200,BTCUSD,1,69290.06,69291.36,69272.57,69280.06
1717096260,BTCUSD,1,69280.06,69293.6,69273.48,69273.53
1717096320,BTCUSD,1,69273.53,69274.92,69243.6,69243.62
1717096380,BTCUSD,1,69243.62,69247.73,69235.5,69239.9
1717096440,BTCUSD,1,69239.9,69243.37,69190.7,69220.38
1717096500,BTCUSD,1,69220.38,69268.29,69213.44,69249.55
1717096560,BTCUSD,1,69249.55,69251.33,69201.75,69204.03
1717096620,BTCUSD,1,69204.03,69204.15,69110.83,69139.85
1717096680,BTCUSD,1,69139.85,69190.18,69113.2,69188.84
1717096740,BTCUSD,1,69188.84,69202.57,69152.86,69170.02
1717096800,BTCUSD,1,69170.02,69200.44,69150.61,69198.41
1717096860,BTCUSD,1,69198.41,69209.19,69171.63,69191.12
1717096920,BTCUSD,1,69191.12,69220.81,69190.97,69198.8
1717096980,BTCUSD,1,69198.8,69199.3,69184.76,69192.35
1717097040,BTCUSD,1,69192.35,69192.35,69048.8,69055.07
1717097100,BTCUSD,1,69055.07,69063.06,69036.36,69050.61
1717097160,BTCUSD,1,69050.61,69065.24,69019.79,69026.54
1717097220,BTCUSD,1,69026.54,69045.81,68973.94,68987.26
1717097280,BTCUSD,1,68987.26,69039.19,68912.69,69017.04
1717097340,BTCUSD,1,69017.04,69017.04,68959.55,68978.78
1717097400,BTCUSD,1,68978.78,68996.71,68956.6,68980.43
1717097460,BTCUSD,1,68980.43,68999.17,68956.05,68999.17
1717097520,BTCUSD,1,68999.17,69074.19,68998.9,69074.19
1717097580,BTCUSD,1,69074.19,69085.19,69032.21,69035.95
1717097640,BTCUSD,1,69035.95,69053.02,69016.86,69022.16
1717097700,BTCUSD,1,69022.16,69024.69,68941.02,68952.03
1717097760,BTCUSD,1,68952.03,68952.06,68845.11,68876.38
1717097820,BTCUSD,1,68876.38,68878.86,68677.81,68687.64
1717097880,BTCUSD,1,68687.64,68720.61,68673.2,68720.61
1717097940,BTCUSD,1,68720.61,68833.07,68715.85,68812.44
1717098000,BTCUSD,1,68812.44,68822.76,68738.14,68739.39
1717098060,BTCUSD,1,68739.39,68756.02,68689.17,68690.11
1717098120,BTCUSD,1,68690.11,68690.11,68620.87,68660.77
1717098180,BTCUSD,1,68660.77,68700.3,68649.37,68694.88
1717098240,BTCUSD,1,68694.88,68743.85,68693.78,68728.99
1717098300,BTCUSD,1,68728.99,68728.99,68619.2,68629.12
1717098360,BTCUSD,1,68629.12,68697.38,68622.41,68682.84
1717098420,BTCUSD,1,68682.84,68716.44,68629.43,68637.54
1717098480,BTCUSD,1,68637.54,68668.86,68526.27,68526.27
1717098540,BTCUSD,1,68526.27,68526.27,68446.54,68467.64
1717098600,BTCUSD,1,68467.64,68502.46,68432.01,68502.46
1717098660,BTCUSD,1,68502.46,68573.73,68493.51,68568.98
1717098720,BTCUSD,1,68568.98,68576.38,68538.23,68572.62
1717098780,BTCUSD,1,68572.62,68574.41,68495.12,68525.07
1717098840,BTCUSD,1,68525.07,68569.15,68499.82,68564.73
1717098900,BTCUSD,1,68564.73,68620.49,68559.19,68563.0
1717098960,BTCUSD,1,68563.0,68564.24,68533.28,68535.19
1717099020,BTCUSD,1,68535.19,68535.19,68457.44,68480.04
1717099080,BTCUSD,1,68480.04,68516.51,68478.0,68513.33
1717099140,BTCUSD,1,68513.33,68676.16,68510.82,68672.18
1717099200,BTCUSD,1,68672.18,68674.63,68512.71,68523.73
1717099260,BTCUSD,1,68523.73,68580.34,68509.33,68528.36
1717099320,BTCUSD,1,68528.36,68528.36,68405.58,68452.2
1717099380,BTCUSD,1,68452.2,68452.2,68314.81,68326.29
1717099440,BTCUSD,1,68326.29,68368.19,68282.64,68362.26
1717099500,BTCUSD,1,68362.26,68402.15,68298.71,68325.87
1717099560,BTCUSD,1,68325.87,68368.91,68325.3,68332.19
1717099620,BTCUSD,1,68332.19,68333.61,68210.01,68254.07
1717099680,BTCUSD,1,68254.07,68272.21,68236.66,68265.53
1717099740,BTCUSD,1,68265.53,68330.32,68263.44,68311.97
1717099800,BTCUSD,1,68311.97,68316.21,68050.06,68054.2
1717099860,BTCUSD,1,68054.2,68136.85,68053.61,68126.77
1717099920,BTCUSD,1,68126.77,68147.64,68111.1,68118.77
1717099980,BTCUSD,1,68118.77,68165.27,68116.32,68148.74
1717100040,BTCUSD,1,68148.74,68186.91,68148.41,68186.91
1717100100,BTCUSD,1,68186.91,68195.86,68079.02,68079.02
1717100160,BTCUSD,1,68079.02,68218.12,68055.29,68218.12
1717100220,BTCUSD,1,68218.12,68264.76,68203.41,68243.33
1717100280,BTCUSD,1,68243.33,68262.04,68239.2,68252.82
1717100340,BTCUSD,1,68252.82,68272.16,68249.07,68260.24
1717100400,BTCUSD,1,68260.24,68274.15,68254.52,68268.42
1717100460,BTCUSD,1,68268.42,68317.76,68268.42,68314.85
1717100520,BTCUSD,1,68314.85,68315.4,68293.67,68296.23
1717100580,BTCUSD,1,68296.23,68341.72,68295.83,68341.72
1717100640,BTCUSD,1,68341.72,68391.3,68338.23,68391.3
1717100700,BTCUSD,1,68391.3,68394.7,68346.37,68354.0
1717100760,BTCUSD,1,68354.0,68419.46,68340.19,68404.37
1717100820,BTCUSD,1,68404.37,68427.95,68383.41,68422.94
1717100880,BTCUSD,1,68422.94,68481.0,68422.8,68479.59
1717100940,BTCUSD,1,68479.59,68484.55,68418.92,68444.73
1717101000,BTCUSD,1,68444.73,68477.53,68421.01,68472.84
1717101060,BTCUSD,1,68472.84,68472.87,68427.33,68444.85
1717101120,BTCUSD,1,68444.85,68445.79,68376.2,68380.86
1717101180,BTCUSD,1,68380.86,68425.75,68379.76,68422.51
1717101240,BTCUSD,1,68422.51,68424.99,68399.64,68424.99
1717101300,BTCUSD,1,68424.99,68425.17,68354.61,68354.65
1717101360,BTCUSD,1,68354.65,68427.95,68345.08,68427.95
1717101420,BTCUSD,1,68427.95,68449.6,68413.55,68426.48
1717101480,BTCUSD,1,68426.48,68451.56,68418.42,68432.09
1717101540,BTCUSD,1,68432.09,68449.35,68419.99,68447.0
1717101600,BTCUSD,1,68447.0,68499.33,68447.0,68485.09
1717101660,BTCUSD,1,68485.09,68499.9,68477.88,68478.34
1717101720,BTCUSD,1,68478.34,68493.8,68469.61,68482.18
1717101780,BTCUSD,1,68482.18,68504.6,68482.18,68498.24
1717101840,BTCUSD,1,68498.24,68511.93,68497.33,68502.33
1717101900,BTCUSD,1,68502.33,68502.33,68462.68,68478.27
1717101960,BTCUSD,1,68478.27,68481.16,68422.06,68427.78
1717102020,BTCUSD,1,68427.78,68467.88,68391.83,68467.88
1717102080,BTCUSD,1,68467.88,68502.77,68463.97,68493.66
1717102140,BTCUSD,1,68493.66,68541.5,68488.57,68536.29
1717102200,BTCUSD,1,68536.29,68540.23,68454.54,68473.63
1717102260,BTCUSD,1,68473.63,68482.9,68465.04,68465.68
1717102320,BTCUSD,1,68465.68,68465.68,68454.12,68458.25
1717102380,BTCUSD,1,68458.25,68490.38,68458.2,68486.86
1717102440,BTCUSD,1,68486.86,68501.18,68458.51,68470.13
1717102500,BTCUSD,1,68470.13,68470.35,68412.54,68424.29
1717102560,BTCUSD,1,68424.29,68441.0,68412.31,68412.31
1717102620,BTCUSD,1,68412.31,68442.43,68412.31,68428.9
1717102680,BTCUSD,1,68428.9,68440.67,68423.92,68435.79
1717102740,BTCUSD,1,68435.79,68476.56,68423.79,68476.52
1717102800,BTCUSD,1,68476.52,68477.26,68428.95,68430.23
1717102860,BTCUSD,1,68430.23,68475.98,68430.23,68473.95
1717102920,BTCUSD,1,68473.95,68499.32,68452.64,68487.0
1717102980,BTCUSD,1,68487.0,68500.33,68470.45,68475.66
1717103040,BTCUSD,1,68475.66,68476.9,68458.4,68466.77
1717103100,BTCUSD,1,68466.77,68469.54,68448.51,68451.83
1717103160,BTCUSD,1,68451.83,68463.45,68431.6,68436.0
1717103220,BTCUSD,1,68436.0,68484.31,68420.45,68473.48
1717103280,BTCUSD,1,68473.48,68477.31,68461.44,68464.76
1717103340,BTCUSD,1,68464.76,68464.81,68434.4,68462.87
1717103400,BTCUSD,1,68462.87,68478.31,68421.62,68422.41
1717103460,BTCUSD,1,68422.41,68442.21,68416.92,68440.61
1717103520,BTCUSD,1,68440.61,68442.67,68417.17,68422.83
1717103580,BTCUSD,1,68422.83,68422.83,68412.5,68413.69
1717103640,BTCUSD,1,68413.69,68413.69,68341.2,68343.31
1717103700,BTCUSD,1,68343.31,68370.64,68330.52,68370.64
1717103760,BTCUSD,1,68370.64,68398.97,68344.97,68381.78
1717103820,BTCUSD,1,68381.78,68383.08,68350.72,68353.92
1717103880,BTCUSD,1,68353.92,68377.68,68332.7,68377.55
1717103940,BTCUSD,1,68377.55,68387.25,68376.53,68382.28
1717104000,BTCUSD,1,68382.28,68384.54,68357.98,68358.36
1717104060,BTCUSD,1,68358.36,68359.18,68310.26,68310.42
1717104120,BTCUSD,1,68310.42,68323.76,68302.93,68312.56
1717104180,BTCUSD,1,68312.56,68312.57,68299.98,68300.69
1717104240,BTCUSD,1,68300.69,68329.29,68299.99,68326.46
1717104300,BTCUSD,1,68326.46,68332.48,68324.69,68332.48
1717104360,BTCUSD,1,68332.48,68338.97,68327.69,68335.9
1717104420,BTCUSD,1,68335.9,68343.19,68328.69,68333.95
1717104480,BTCUSD,1,68333.95,68353.4,68326.22,68350.26
1717104540,BTCUSD,1,68350.26,68362.32,68350.26,68356.49
1717104600,BTCUSD,1,68356.49,68367.19,68356.49,68365.1
1717104660,BTCUSD,1,68365.1,68440.58,68362.92,68439.66
1717104720,BTCUSD,1,68439.66,68509.45,68437.58,68503.13
1717104780,BTCUSD,1,68503.13,68515.53,68470.52,68486.78
1717104840,BTCUSD,1,68486.78,68486.78,68435.25,68436.0
1717104900,BTCUSD,1,68436.0,68436.0,68416.84,68416.84
1717104960,BTCUSD,1,68416.84,68432.09,68408.8,68430.19
1717105020,BTCUSD,1,68430.19,68481.1,68427.58,68481.08
1717105080,BTCUSD,1,68481.08,68482.24,68459.69,68461.66
1717105140,BTCUSD,1,68461.66,68461.66,68418.94,68421.52
1717105200,BTCUSD,1,68421.52,68428.35,68413.78,68426.15
1717105260,BTCUSD,1,68426.15,68434.3,68425.58,68430.39
1717105320,BTCUSD,1,68430.39,68430.39,68416.96,68417.01
1717105380,BTCUSD,1,68417.01,68424.28,68390.37,68393.25
1717105440,BTCUSD,1,68393.25,68393.25,68363.39,68363.39
1717105500,BTCUSD,1,68363.39,68366.52,68358.96,68359.95
1717105560,BTCUSD,1,68359.95,68362.38,68333.36,68335.23
1717105620,BTCUSD,1,68335.23,68342.76,68330.88,68340.58
1717105680,BTCUSD,1,68340.58,68354.43,68340.58,68350.78
1717105740,BTCUSD,1,68350.78,68366.2,68344.15,68360.96
1717105800,BTCUSD,1,68360.96,68383.52,68360.96,68383.52
1717105860,BTCUSD,1,68383.52,68394.19,68383.52,68394.19
1717105920,BTCUSD,1,68394.19,68409.73,68392.85,68409.12
1717105980,BTCUSD,1,68409.12,68432.27,68409.12,68432.27
1717106040,BTCUSD,1,68432.27,68450.95,68432.27,68450.06
1717106100,BTCUSD,1,68450.06,68452.46,68403.33,68403.33
1717106160,BTCUSD,1,68403.33,68403.33,68394.91,68395.85
1717106220,BTCUSD,1,68395.85,68400.1,68389.28,68393.54
1717106280,BTCUSD,1,68393.54,68395.37,68385.15,68389.14
1717106340,BTCUSD,1,68389.14,68392.3,68385.68,68385.85
1717106400,BTCUSD,1,68385.85,68393.32,68365.57,68385.73
1717106460,BTCUSD,1,68385.73,68398.73,68350.91,68397.42
1717106520,BTCUSD,1,68397.42,68397.42,68342.51,68366.48
1717106580,BTCUSD,1,68366.48,68402.86,68363.72,68400.58
1717106640,BTCUSD,1,68400.58,68417.22,68365.16,68376.31
1717106700,BTCUSD,1,68376.31,68379.26,68343.62,68352.87
1717106760,BTCUSD,1,68352.87,68352.87,68319.91,68330.58
1717106820,BTCUSD,1,68330.58,68352.18,68329.17,68330.74
1717106880,BTCUSD,1,68330.74,68330.74,68303.45,68303.45
1717106940,BTCUSD,1,68303.45,68308.62,68268.99,68270.74
1717107000,BTCUSD,1,68270.74,68272.06,68238.17,68241.17
1717107060,BTCUSD,1,68241.17,68261.18,68240.37,68246.85
1717107120,BTCUSD,1,68246.85,68276.09,68246.61,68265.62
1717107180,BTCUSD,1,68265.62,68294.9,68263.74,68280.27
1717107240,BTCUSD,1,68280.27,68280.27,68252.54,68272.95
1717107300,BTCUSD,1,68272.95,68273.28,68247.42,68247.42
1717107360,BTCUSD,1,68247.42,68254.18,68214.48,68219.74
1717107420,BTCUSD,1,68219.74,68249.96,68214.48,68248.46
1717107480,BTCUSD,1,68248.46,68267.84,68247.56,68267.44
1717107540,BTCUSD,1,68267.44,68267.44,68251.15,68252.05
1717107600,BTCUSD,1,68252.05,68264.01,68252.04,68257.43
1717107660,BTCUSD,1,68257.43,68292.14,68257.43,68279.16
1717107720,BTCUSD,1,68279.16,68294.28,68270.85,68291.74
1717107780,BTCUSD,1,68291.74,68300.8,68288.37,68292.52
1717107840,BTCUSD,1,68292.52,68324.12,68292.24,68315.31
1717107900,BTCUSD,1,68315.31,68345.14,68311.58,68341.83
1717107960,BTCUSD,1,68341.83,68341.83,68326.93,68331.56
1717108020,BTCUSD,1,68331.56,68341.48,68331.56,68340.95
1717108080,BTCUSD,1,68340.95,68357.56,68340.36,68347.39
1717108140,BTCUSD,1,68347.39,68347.39,68341.31,68342.67
1717108200,BTCUSD,1,68342.67,68343.82,68312.16,68343.77
1717108260,BTCUSD,1,68343.77,68351.71,68322.07,68326.27
1717108320,BTCUSD,1,68326.27,68326.27,68303.83,68307.45
1717108380,BTCUSD,1,68307.45,68309.84,68296.64,68308.7
1717108440,BTCUSD,1,68308.7,68316.36,68299.93,68299.93
1717108500,BTCUSD,1,68299.93,68299.93,68276.94,68291.49
1717108560,BTCUSD,1,68291.49,68296.65,68279.22,68293.23
1717108620,BTCUSD,1,68293.23,68315.66,68291.71,68302.21
1717108680,BTCUSD,1,68302.21,68305.59,68294.7,68299.37
1717108740,BTCUSD,1,68299.37,68299.37,68282.75,68293.77
1717108800,BTCUSD,1,68293.77,68305.35,68288.78,68302.8
1717108860,BTCUSD,1,68302.8,68330.47,68302.8,68330.47
1717108920,BTCUSD,1,68330.47,68357.66,68326.59,68357.66
1717108980,BTCUSD,1,68357.66,68366.62,68351.96,68353.21
1717109040,BTCUSD,1,68353.21,68353.21,68330.63,68343.97
1717109100,BTCUSD,1,68343.97,68365.7,68329.79,68359.59
1717109160,BTCUSD,1,68359.59,68360.69,68333.16,68333.8
1717109220,BTCUSD,1,68333.8,68347.19,68333.27,68339.94
1717109280,BTCUSD,1,68339.94,68347.39,68337.29,68343.07
1717109340,BTCUSD,1,68343.07,68343.07,68307.33,68317.27
1717109400,BTCUSD,1,68317.27,68322.19,68305.57,68313.15
1717109460,BTCUSD,1,68313.15,68317.94,68291.02,68291.02
1717109520,BTCUSD,1,68291.02,68297.0,68269.24,68293.28
1717109580,BTCUSD,1,68293.28,68303.8,68292.78,68292.78
1717109640,BTCUSD,1,68292.78,68293.72,68283.48,68293.72
1717109700,BTCUSD,1,68293.72,68293.72,68282.49,68283.51
1717109760,BTCUSD,1,68283.51,68294.06,68283.51,68292.68
1717109820,BTCUSD,1,68292.68,68292.68,68280.41,68280.41
1717109880,BTCUSD,1,68280.41,68301.21,68280.41,68299.01
1717109940,BTCUSD,1,68299.01,68299.01,68291.55,68294.28
1717110000,BTCUSD,1,68294.28,68294.28,68255.89,68274.13
1717110060,BTCUSD,1,68274.13,68286.82,68274.13,68284.79
1717110120,BTCUSD,1,68284.79,68284.83,68255.42,68255.42
1717110180,BTCUSD,1,68255.42,68273.3,68253.24,68265.81
1717110240,BTCUSD,1,68265.81,68280.88,68257.96,68259.27
1717110300,BTCUSD,1,68259.27,68259.27,68248.29,68254.57
1717110360,BTCUSD,1,68254.57,68266.06,68254.48,68263.72
1717110420,BTCUSD,1,68263.72,68274.44,68228.95,68247.45
1717110480,BTCUSD,1,68247.45,68295.34,68245.45,68295.34
1717110540,BTCUSD,1,68295.34,68303.62,68290.2,68302.07
1717110600,BTCUSD,1,68302.07,68347.73,68298.8,68344.1
1717110660,BTCUSD,1,68344.1,68344.26,68329.31,68338.62
1717110720,BTCUSD,1,68338.62,68358.66,68338.61,68358.66
1717110780,BTCUSD,1,68358.66,68370.06,68354.27,68365.4
1717110840,BTCUSD,1,68365.4,68369.08,68365.24,68368.64
1717110900,BTCUSD,1,68368.64,68380.04,68335.56,68338.73
1717110960,BTCUSD,1,68338.73,68364.54,68338.73,68359.96
1717111020,BTCUSD,1,68359.96,68365.44,68359.28,68365.44
1717111080,BTCUSD,1,68365.44,68366.2,68361.47,68363.5
1717111140,BTCUSD,1,68363.5,68372.48,68361.6,68372.48
1717111200,BTCUSD,1,68372.48,68375.3,68364.73,68375.3
1717111260,BTCUSD,1,68375.3,68427.32,68375.3,68425.11
1717111320,BTCUSD,1,68425.11,68455.92,68425.11,68454.7
1717111380,BTCUSD,1,68454.7,68496.96,68454.38,68485.97
1717111440,BTCUSD,1,68485.97,68485.97,68454.3,68454.31
1717111500,BTCUSD,1,68454.31,68466.82,68448.75,68461.69
1717111560,BTCUSD,1,68461.69,68461.69,68445.96,68448.22
1717111620,BTCUSD,1,68448.22,68458.76,68447.48,68447.48
1717111680,BTCUSD,1,68447.48,68448.15,68436.67,68436.67
1717111740,BTCUSD,1,68436.67,68436.67,68425.17,68425.17
1717111800,BTCUSD,1,68425.17,68427.29,68416.39,68416.39
1717111860,BTCUSD,1,68416.39,68452.65,68415.4,68451.93
1717111920,BTCUSD,1,68451.93,68456.86,68445.02,68455.74
1717111980,BTCUSD,1,68455.74,68461.92,68454.7,68461.81
1717112040,BTCUSD,1,68461.81,68461.82,68461.47,68461.48
1717112100,BTCUSD,1,68461.48,68465.66,68435.03,68438.47
1717112160,BTCUSD,1,68438.47,68443.1,68436.71,68443.1
1717112220,BTCUSD,1,68443.1,68443.1,68392.0,68398.73
1717112280,BTCUSD,1,68398.73,68411.9,68394.79,68403.74
1717112340,BTCUSD,1,68403.74,68406.0,68376.65,68376.65
1717112400,BTCUSD,1,68376.65,68387.23,68363.76,68387.23
1717112460,BTCUSD,1,68387.23,68388.05,68360.4,68366.75
1717112520,BTCUSD,1,68366.75,68366.91,68347.6,68347.6
1717112580,BTCUSD,1,68347.6,68352.53,68336.56,68344.16
1717112640,BTCUSD,1,68344.16,68344.16,68332.91,68343.43
1717112700,BTCUSD,1,68343.43,68354.15,68343.42,68351.51
1717112760,BTCUSD,1,68351.51,68351.52,68319.59,68319.59
1717112820,BTCUSD,1,68319.59,68335.5,68312.29,68317.2
1717112880,BTCUSD,1,68317.2,68348.17,68314.74,68340.28
1717112940,BTCUSD,1,68340.28,68343.61,68335.37,68341.26
1717113000,BTCUSD,1,68341.26,68377.54,68337.04,68369.66
1717113060,BTCUSD,1,68369.66,68375.05,68368.81,68371.8
1717113120,BTCUSD,1,68371.8,68371.8,68354.29,68356.89
1717113180,BTCUSD,1,68356.89,68364.38,68353.4,68363.46
1717113240,BTCUSD,1,68363.46,68363.9,68355.3,68361.28
1717113300,BTCUSD,1,68361.28,68369.83,68361.28,68362.76
1717113360,BTCUSD,1,68362.76,68384.45,68362.01,68381.94
1717113420,BTCUSD,1,68381.94,68381.94,68368.55,68378.05
1717113480,BTCUSD,1,68378.05,68378.05,68355.95,68364.03
1717113540,BTCUSD,1,68364.03,68364.03,68331.31,68340.72
